<annotation>
	<folder>hardhat-train</folder>
	<filename>1019450301_06d2cc5be6.jpg</filename>
	<path>E:\Development\Python\HardHatDetector\hardhat-train\1019450301_06d2cc5be6.jpg</path>
	<source>
		<database>Unknown</database>
	</source>
	<size>
		<width>500</width>
		<height>375</height>
		<depth>3</depth>
	</size>
	<segmented>0</segmented>
	<object>
		<name>person hardhat</name>
		<pose>Unspecified</pose>
		<truncated>0</truncated>
		<difficult>0</difficult>
		<bndbox>
			<xmin>123</xmin>
			<ymin>94</ymin>
			<xmax>216</xmax>
			<ymax>200</ymax>
		</bndbox>
	</object>
</annotation>
