<annotation>
	<folder>hardhat-train</folder>
	<filename>1054803416_2ee9d8586e.jpg</filename>
	<path>E:\Development\Python\HardHatDetector\hardhat-train\1054803416_2ee9d8586e.jpg</path>
	<source>
		<database>Unknown</database>
	</source>
	<size>
		<width>500</width>
		<height>375</height>
		<depth>3</depth>
	</size>
	<segmented>0</segmented>
	<object>
		<name>person hardhat</name>
		<pose>Unspecified</pose>
		<truncated>0</truncated>
		<difficult>0</difficult>
		<bndbox>
			<xmin>195</xmin>
			<ymin>72</ymin>
			<xmax>339</xmax>
			<ymax>272</ymax>
		</bndbox>
	</object>
</annotation>
