<annotation>
	<folder>hardhat-train</folder>
	<filename>107740510_2f5d59515a.jpg</filename>
	<path>E:\Development\Python\HardHatDetector\hardhat-train\107740510_2f5d59515a.jpg</path>
	<source>
		<database>Unknown</database>
	</source>
	<size>
		<width>500</width>
		<height>375</height>
		<depth>3</depth>
	</size>
	<segmented>0</segmented>
	<object>
		<name>person hardhat</name>
		<pose>Unspecified</pose>
		<truncated>1</truncated>
		<difficult>0</difficult>
		<bndbox>
			<xmin>152</xmin>
			<ymin>1</ymin>
			<xmax>293</xmax>
			<ymax>167</ymax>
		</bndbox>
	</object>
</annotation>
