<annotation>
	<folder>hardhat-train</folder>
	<filename>1083831044_3a306a9eb7.jpg</filename>
	<path>E:\Development\Python\HardHatDetector\hardhat-train\1083831044_3a306a9eb7.jpg</path>
	<source>
		<database>Unknown</database>
	</source>
	<size>
		<width>500</width>
		<height>375</height>
		<depth>3</depth>
	</size>
	<segmented>0</segmented>
	<object>
		<name>person hardhat</name>
		<pose>Unspecified</pose>
		<truncated>0</truncated>
		<difficult>0</difficult>
		<bndbox>
			<xmin>148</xmin>
			<ymin>3</ymin>
			<xmax>312</xmax>
			<ymax>215</ymax>
		</bndbox>
	</object>
	<object>
		<name>person hardhat</name>
		<pose>Unspecified</pose>
		<truncated>0</truncated>
		<difficult>0</difficult>
		<bndbox>
			<xmin>280</xmin>
			<ymin>125</ymin>
			<xmax>391</xmax>
			<ymax>261</ymax>
		</bndbox>
	</object>
</annotation>
