<annotation>
	<folder>hardhat-train</folder>
	<filename>109381857_cf53f0218b.jpg</filename>
	<path>E:\Development\Python\HardHatDetector\hardhat-train\109381857_cf53f0218b.jpg</path>
	<source>
		<database>Unknown</database>
	</source>
	<size>
		<width>500</width>
		<height>493</height>
		<depth>3</depth>
	</size>
	<segmented>0</segmented>
	<object>
		<name>person hardhat</name>
		<pose>Unspecified</pose>
		<truncated>0</truncated>
		<difficult>0</difficult>
		<bndbox>
			<xmin>146</xmin>
			<ymin>109</ymin>
			<xmax>364</xmax>
			<ymax>306</ymax>
		</bndbox>
	</object>
</annotation>
