<annotation verified="yes">
	<folder>hardhat-train</folder>
	<filename>111270056_fd8708812f.jpg</filename>
	<path>E:\Development\Python\HardHatDetector\hardhat-train\111270056_fd8708812f.jpg</path>
	<source>
		<database>Unknown</database>
	</source>
	<size>
		<width>500</width>
		<height>381</height>
		<depth>3</depth>
	</size>
	<segmented>0</segmented>
	<object>
		<name>person hardhat</name>
		<pose>Unspecified</pose>
		<truncated>0</truncated>
		<difficult>0</difficult>
		<bndbox>
			<xmin>176</xmin>
			<ymin>173</ymin>
			<xmax>196</xmax>
			<ymax>202</ymax>
		</bndbox>
	</object>
	<object>
		<name>person hardhat</name>
		<pose>Unspecified</pose>
		<truncated>0</truncated>
		<difficult>0</difficult>
		<bndbox>
			<xmin>338</xmin>
			<ymin>170</ymin>
			<xmax>360</xmax>
			<ymax>200</ymax>
		</bndbox>
	</object>
	<object>
		<name>person hardhat</name>
		<pose>Unspecified</pose>
		<truncated>0</truncated>
		<difficult>0</difficult>
		<bndbox>
			<xmin>282</xmin>
			<ymin>170</ymin>
			<xmax>306</xmax>
			<ymax>201</ymax>
		</bndbox>
	</object>
	<object>
		<name>person hardhat</name>
		<pose>Unspecified</pose>
		<truncated>0</truncated>
		<difficult>0</difficult>
		<bndbox>
			<xmin>245</xmin>
			<ymin>173</ymin>
			<xmax>271</xmax>
			<ymax>203</ymax>
		</bndbox>
	</object>
</annotation>
