<annotation verified="yes">
	<folder>hardhat-train</folder>
	<filename>1115002594_f17d3e451d.jpg</filename>
	<path>E:\Development\Python\HardHatDetector\hardhat-train\1115002594_f17d3e451d.jpg</path>
	<source>
		<database>Unknown</database>
	</source>
	<size>
		<width>500</width>
		<height>375</height>
		<depth>3</depth>
	</size>
	<segmented>0</segmented>
	<object>
		<name>person hardhat</name>
		<pose>Unspecified</pose>
		<truncated>0</truncated>
		<difficult>0</difficult>
		<bndbox>
			<xmin>161</xmin>
			<ymin>138</ymin>
			<xmax>197</xmax>
			<ymax>182</ymax>
		</bndbox>
	</object>
	<object>
		<name>person hardhat</name>
		<pose>Unspecified</pose>
		<truncated>0</truncated>
		<difficult>0</difficult>
		<bndbox>
			<xmin>270</xmin>
			<ymin>155</ymin>
			<xmax>303</xmax>
			<ymax>199</ymax>
		</bndbox>
	</object>
</annotation>
