<annotation verified="yes">
	<folder>hardhat-train</folder>
	<filename>1122362756_4f2b27763e.jpg</filename>
	<path>E:\Development\Python\HardHatDetector\hardhat-train\1122362756_4f2b27763e.jpg</path>
	<source>
		<database>Unknown</database>
	</source>
	<size>
		<width>500</width>
		<height>374</height>
		<depth>3</depth>
	</size>
	<segmented>0</segmented>
	<object>
		<name>person hardhat</name>
		<pose>Unspecified</pose>
		<truncated>0</truncated>
		<difficult>0</difficult>
		<bndbox>
			<xmin>131</xmin>
			<ymin>124</ymin>
			<xmax>251</xmax>
			<ymax>277</ymax>
		</bndbox>
	</object>
	<object>
		<name>person hardhat</name>
		<pose>Unspecified</pose>
		<truncated>0</truncated>
		<difficult>0</difficult>
		<bndbox>
			<xmin>285</xmin>
			<ymin>88</ymin>
			<xmax>380</xmax>
			<ymax>221</ymax>
		</bndbox>
	</object>
</annotation>
