<annotation verified="yes">
	<folder>hardhat-train</folder>
	<filename>11253957_6db581448a.jpg</filename>
	<path>E:\Development\Python\HardHatDetector\hardhat-train\11253957_6db581448a.jpg</path>
	<source>
		<database>Unknown</database>
	</source>
	<size>
		<width>500</width>
		<height>388</height>
		<depth>1</depth>
	</size>
	<segmented>0</segmented>
	<object>
		<name>person hardhat</name>
		<pose>Unspecified</pose>
		<truncated>0</truncated>
		<difficult>0</difficult>
		<bndbox>
			<xmin>182</xmin>
			<ymin>115</ymin>
			<xmax>267</xmax>
			<ymax>195</ymax>
		</bndbox>
	</object>
	<object>
		<name>person hardhat</name>
		<pose>Unspecified</pose>
		<truncated>0</truncated>
		<difficult>0</difficult>
		<bndbox>
			<xmin>369</xmin>
			<ymin>83</ymin>
			<xmax>456</xmax>
			<ymax>172</ymax>
		</bndbox>
	</object>
</annotation>
