<annotation verified="yes">
	<folder>hardhat-train</folder>
	<filename>113517260_185001425d.jpg</filename>
	<path>E:\Development\Python\HardHatDetector\hardhat-train\113517260_185001425d.jpg</path>
	<source>
		<database>Unknown</database>
	</source>
	<size>
		<width>500</width>
		<height>375</height>
		<depth>3</depth>
	</size>
	<segmented>0</segmented>
	<object>
		<name>person hardhat</name>
		<pose>Unspecified</pose>
		<truncated>0</truncated>
		<difficult>0</difficult>
		<bndbox>
			<xmin>128</xmin>
			<ymin>2</ymin>
			<xmax>254</xmax>
			<ymax>155</ymax>
		</bndbox>
	</object>
	<object>
		<name>person hardhat</name>
		<pose>Unspecified</pose>
		<truncated>0</truncated>
		<difficult>0</difficult>
		<bndbox>
			<xmin>221</xmin>
			<ymin>113</ymin>
			<xmax>299</xmax>
			<ymax>203</ymax>
		</bndbox>
	</object>
	<object>
		<name>person hardhat</name>
		<pose>Unspecified</pose>
		<truncated>0</truncated>
		<difficult>0</difficult>
		<bndbox>
			<xmin>331</xmin>
			<ymin>129</ymin>
			<xmax>423</xmax>
			<ymax>212</ymax>
		</bndbox>
	</object>
</annotation>
