<annotation verified="yes">
	<folder>hardhat-train</folder>
	<filename>113516858_9a6b8da566.jpg</filename>
	<path>E:\Development\Python\HardHatDetector\hardhat-train\113516858_9a6b8da566.jpg</path>
	<source>
		<database>Unknown</database>
	</source>
	<size>
		<width>500</width>
		<height>375</height>
		<depth>3</depth>
	</size>
	<segmented>0</segmented>
	<object>
		<name>person hardhat</name>
		<pose>Unspecified</pose>
		<truncated>0</truncated>
		<difficult>0</difficult>
		<bndbox>
			<xmin>10</xmin>
			<ymin>79</ymin>
			<xmax>109</xmax>
			<ymax>199</ymax>
		</bndbox>
	</object>
	<object>
		<name>person hardhat</name>
		<pose>Unspecified</pose>
		<truncated>0</truncated>
		<difficult>0</difficult>
		<bndbox>
			<xmin>136</xmin>
			<ymin>52</ymin>
			<xmax>331</xmax>
			<ymax>271</ymax>
		</bndbox>
	</object>
	<object>
		<name>person hardhat</name>
		<pose>Unspecified</pose>
		<truncated>1</truncated>
		<difficult>0</difficult>
		<bndbox>
			<xmin>375</xmin>
			<ymin>58</ymin>
			<xmax>500</xmax>
			<ymax>207</ymax>
		</bndbox>
	</object>
	<object>
		<name>person hardhat</name>
		<pose>Unspecified</pose>
		<truncated>0</truncated>
		<difficult>0</difficult>
		<bndbox>
			<xmin>315</xmin>
			<ymin>109</ymin>
			<xmax>377</xmax>
			<ymax>191</ymax>
		</bndbox>
	</object>
</annotation>
