<annotation verified="yes">
	<folder>hardhat-train</folder>
	<filename>1218230430_4bf3039051.jpg</filename>
	<path>E:\Development\Python\HardHatDetector\hardhat-train\1218230430_4bf3039051.jpg</path>
	<source>
		<database>Unknown</database>
	</source>
	<size>
		<width>500</width>
		<height>375</height>
		<depth>3</depth>
	</size>
	<segmented>0</segmented>
	<object>
		<name>person hardhat</name>
		<pose>Unspecified</pose>
		<truncated>1</truncated>
		<difficult>0</difficult>
		<bndbox>
			<xmin>1</xmin>
			<ymin>1</ymin>
			<xmax>242</xmax>
			<ymax>299</ymax>
		</bndbox>
	</object>
	<object>
		<name>person hardhat</name>
		<pose>Unspecified</pose>
		<truncated>1</truncated>
		<difficult>0</difficult>
		<bndbox>
			<xmin>225</xmin>
			<ymin>1</ymin>
			<xmax>471</xmax>
			<ymax>285</ymax>
		</bndbox>
	</object>
</annotation>
