<annotation verified="yes">
	<folder>hardhat-train</folder>
	<filename>1224689742_7b8f950f73.jpg</filename>
	<path>E:\Development\Python\HardHatDetector\hardhat-train\1224689742_7b8f950f73.jpg</path>
	<source>
		<database>Unknown</database>
	</source>
	<size>
		<width>500</width>
		<height>375</height>
		<depth>3</depth>
	</size>
	<segmented>0</segmented>
	<object>
		<name>person hardhat</name>
		<pose>Unspecified</pose>
		<truncated>0</truncated>
		<difficult>0</difficult>
		<bndbox>
			<xmin>169</xmin>
			<ymin>59</ymin>
			<xmax>325</xmax>
			<ymax>218</ymax>
		</bndbox>
	</object>
</annotation>
