<annotation verified="yes">
	<folder>hardhat-train</folder>
	<filename>1259838270_368fe3484b.jpg</filename>
	<path>E:\Development\Python\HardHatDetector\hardhat-train\1259838270_368fe3484b.jpg</path>
	<source>
		<database>Unknown</database>
	</source>
	<size>
		<width>375</width>
		<height>500</height>
		<depth>3</depth>
	</size>
	<segmented>0</segmented>
	<object>
		<name>person hardhat</name>
		<pose>Unspecified</pose>
		<truncated>0</truncated>
		<difficult>0</difficult>
		<bndbox>
			<xmin>177</xmin>
			<ymin>35</ymin>
			<xmax>359</xmax>
			<ymax>275</ymax>
		</bndbox>
	</object>
</annotation>
