<annotation verified="yes">
	<folder>hardhat-train</folder>
	<filename>1263423318_c0e13cd363.jpg</filename>
	<path>E:\Development\Python\HardHatDetector\hardhat-train\1263423318_c0e13cd363.jpg</path>
	<source>
		<database>Unknown</database>
	</source>
	<size>
		<width>500</width>
		<height>375</height>
		<depth>3</depth>
	</size>
	<segmented>0</segmented>
	<object>
		<name>person hardhat</name>
		<pose>Unspecified</pose>
		<truncated>0</truncated>
		<difficult>0</difficult>
		<bndbox>
			<xmin>161</xmin>
			<ymin>51</ymin>
			<xmax>291</xmax>
			<ymax>187</ymax>
		</bndbox>
	</object>
	<object>
		<name>person hardhat</name>
		<pose>Unspecified</pose>
		<truncated>1</truncated>
		<difficult>0</difficult>
		<bndbox>
			<xmin>345</xmin>
			<ymin>1</ymin>
			<xmax>500</xmax>
			<ymax>146</ymax>
		</bndbox>
	</object>
</annotation>
