<annotation verified="yes">
	<folder>hardhat-train</folder>
	<filename>127291795_b4503817b4.jpg</filename>
	<path>E:\Development\Python\HardHatDetector\hardhat-train\127291795_b4503817b4.jpg</path>
	<source>
		<database>Unknown</database>
	</source>
	<size>
		<width>417</width>
		<height>500</height>
		<depth>3</depth>
	</size>
	<segmented>0</segmented>
	<object>
		<name>person hardhat</name>
		<pose>Unspecified</pose>
		<truncated>0</truncated>
		<difficult>0</difficult>
		<bndbox>
			<xmin>77</xmin>
			<ymin>69</ymin>
			<xmax>159</xmax>
			<ymax>157</ymax>
		</bndbox>
	</object>
</annotation>
