<annotation verified="yes">
	<folder>hardhat-train</folder>
	<filename>127732370_ffcd1f9855.jpg</filename>
	<path>E:\Development\Python\HardHatDetector\hardhat-train\127732370_ffcd1f9855.jpg</path>
	<source>
		<database>Unknown</database>
	</source>
	<size>
		<width>500</width>
		<height>375</height>
		<depth>3</depth>
	</size>
	<segmented>0</segmented>
	<object>
		<name>person hardhat</name>
		<pose>Unspecified</pose>
		<truncated>0</truncated>
		<difficult>0</difficult>
		<bndbox>
			<xmin>82</xmin>
			<ymin>77</ymin>
			<xmax>135</xmax>
			<ymax>143</ymax>
		</bndbox>
	</object>
	<object>
		<name>person hardhat</name>
		<pose>Unspecified</pose>
		<truncated>0</truncated>
		<difficult>0</difficult>
		<bndbox>
			<xmin>277</xmin>
			<ymin>89</ymin>
			<xmax>352</xmax>
			<ymax>164</ymax>
		</bndbox>
	</object>
</annotation>
