<annotation verified="yes">
	<folder>hardhat-train</folder>
	<filename>1278050508_9afc97b235.jpg</filename>
	<path>E:\Development\Python\HardHatDetector\hardhat-train\1278050508_9afc97b235.jpg</path>
	<source>
		<database>Unknown</database>
	</source>
	<size>
		<width>500</width>
		<height>375</height>
		<depth>3</depth>
	</size>
	<segmented>0</segmented>
	<object>
		<name>person hardhat</name>
		<pose>Unspecified</pose>
		<truncated>1</truncated>
		<difficult>0</difficult>
		<bndbox>
			<xmin>115</xmin>
			<ymin>1</ymin>
			<xmax>278</xmax>
			<ymax>204</ymax>
		</bndbox>
	</object>
	<object>
		<name>person hardhat</name>
		<pose>Unspecified</pose>
		<truncated>1</truncated>
		<difficult>0</difficult>
		<bndbox>
			<xmin>247</xmin>
			<ymin>1</ymin>
			<xmax>453</xmax>
			<ymax>191</ymax>
		</bndbox>
	</object>
</annotation>
