<annotation verified="yes">
	<folder>hardhat-train</folder>
	<filename>129272332_7384fe4928.jpg</filename>
	<path>E:\Development\Python\HardHatDetector\hardhat-train\129272332_7384fe4928.jpg</path>
	<source>
		<database>Unknown</database>
	</source>
	<size>
		<width>500</width>
		<height>375</height>
		<depth>3</depth>
	</size>
	<segmented>0</segmented>
	<object>
		<name>person hardhat</name>
		<pose>Unspecified</pose>
		<truncated>0</truncated>
		<difficult>0</difficult>
		<bndbox>
			<xmin>143</xmin>
			<ymin>77</ymin>
			<xmax>228</xmax>
			<ymax>194</ymax>
		</bndbox>
	</object>
	<object>
		<name>person hardhat</name>
		<pose>Unspecified</pose>
		<truncated>0</truncated>
		<difficult>0</difficult>
		<bndbox>
			<xmin>237</xmin>
			<ymin>75</ymin>
			<xmax>327</xmax>
			<ymax>193</ymax>
		</bndbox>
	</object>
</annotation>
