<annotation verified="yes">
	<folder>hardhat-train</folder>
	<filename>1352742189_85143d489f.jpg</filename>
	<path>E:\Development\Python\HardHatDetector\hardhat-train\1352742189_85143d489f.jpg</path>
	<source>
		<database>Unknown</database>
	</source>
	<size>
		<width>288</width>
		<height>412</height>
		<depth>3</depth>
	</size>
	<segmented>0</segmented>
	<object>
		<name>person hardhat</name>
		<pose>Unspecified</pose>
		<truncated>0</truncated>
		<difficult>0</difficult>
		<bndbox>
			<xmin>59</xmin>
			<ymin>74</ymin>
			<xmax>188</xmax>
			<ymax>174</ymax>
		</bndbox>
	</object>
</annotation>
