<annotation verified="yes">
	<folder>hardhat-train</folder>
	<filename>1374232683_5cc8210e86.jpg</filename>
	<path>E:\Development\Python\HardHatDetector\hardhat-train\1374232683_5cc8210e86.jpg</path>
	<source>
		<database>Unknown</database>
	</source>
	<size>
		<width>333</width>
		<height>499</height>
		<depth>3</depth>
	</size>
	<segmented>0</segmented>
	<object>
		<name>person hardhat</name>
		<pose>Unspecified</pose>
		<truncated>0</truncated>
		<difficult>0</difficult>
		<bndbox>
			<xmin>106</xmin>
			<ymin>49</ymin>
			<xmax>314</xmax>
			<ymax>294</ymax>
		</bndbox>
	</object>
</annotation>
