<annotation verified="yes">
	<folder>hardhat-train</folder>
	<filename>1388506639_628e26beba.jpg</filename>
	<path>E:\Development\Python\HardHatDetector\hardhat-train\1388506639_628e26beba.jpg</path>
	<source>
		<database>Unknown</database>
	</source>
	<size>
		<width>499</width>
		<height>373</height>
		<depth>3</depth>
	</size>
	<segmented>0</segmented>
	<object>
		<name>person hardhat</name>
		<pose>Unspecified</pose>
		<truncated>0</truncated>
		<difficult>0</difficult>
		<bndbox>
			<xmin>60</xmin>
			<ymin>54</ymin>
			<xmax>92</xmax>
			<ymax>89</ymax>
		</bndbox>
	</object>
	<object>
		<name>person hardhat</name>
		<pose>Unspecified</pose>
		<truncated>0</truncated>
		<difficult>0</difficult>
		<bndbox>
			<xmin>201</xmin>
			<ymin>56</ymin>
			<xmax>221</xmax>
			<ymax>82</ymax>
		</bndbox>
	</object>
	<object>
		<name>person hardhat</name>
		<pose>Unspecified</pose>
		<truncated>0</truncated>
		<difficult>0</difficult>
		<bndbox>
			<xmin>276</xmin>
			<ymin>164</ymin>
			<xmax>299</xmax>
			<ymax>189</ymax>
		</bndbox>
	</object>
	<object>
		<name>person hardhat</name>
		<pose>Unspecified</pose>
		<truncated>0</truncated>
		<difficult>0</difficult>
		<bndbox>
			<xmin>434</xmin>
			<ymin>132</ymin>
			<xmax>453</xmax>
			<ymax>155</ymax>
		</bndbox>
	</object>
</annotation>
