<annotation verified="yes">
	<folder>hardhat-train</folder>
	<filename>139314701_130f5b3571.jpg</filename>
	<path>E:\Development\Python\HardHatDetector\hardhat-train\139314701_130f5b3571.jpg</path>
	<source>
		<database>Unknown</database>
	</source>
	<size>
		<width>500</width>
		<height>375</height>
		<depth>3</depth>
	</size>
	<segmented>0</segmented>
	<object>
		<name>person hardhat</name>
		<pose>Unspecified</pose>
		<truncated>0</truncated>
		<difficult>0</difficult>
		<bndbox>
			<xmin>133</xmin>
			<ymin>175</ymin>
			<xmax>158</xmax>
			<ymax>204</ymax>
		</bndbox>
	</object>
	<object>
		<name>person hardhat</name>
		<pose>Unspecified</pose>
		<truncated>0</truncated>
		<difficult>0</difficult>
		<bndbox>
			<xmin>265</xmin>
			<ymin>192</ymin>
			<xmax>294</xmax>
			<ymax>219</ymax>
		</bndbox>
	</object>
	<object>
		<name>person hardhat</name>
		<pose>Unspecified</pose>
		<truncated>1</truncated>
		<difficult>0</difficult>
		<bndbox>
			<xmin>1</xmin>
			<ymin>182</ymin>
			<xmax>30</xmax>
			<ymax>214</ymax>
		</bndbox>
	</object>
</annotation>
