<annotation verified="yes">
	<folder>hardhat-train</folder>
	<filename>1396849888_1f980b0c33.jpg</filename>
	<path>E:\Development\Python\HardHatDetector\hardhat-train\1396849888_1f980b0c33.jpg</path>
	<source>
		<database>Unknown</database>
	</source>
	<size>
		<width>500</width>
		<height>281</height>
		<depth>3</depth>
	</size>
	<segmented>0</segmented>
	<object>
		<name>person hardhat</name>
		<pose>Unspecified</pose>
		<truncated>0</truncated>
		<difficult>0</difficult>
		<bndbox>
			<xmin>251</xmin>
			<ymin>180</ymin>
			<xmax>267</xmax>
			<ymax>203</ymax>
		</bndbox>
	</object>
</annotation>
