<annotation verified="yes">
	<folder>hardhat-train</folder>
	<filename>1396264716_ee88c2f8f2.jpg</filename>
	<path>E:\Development\Python\HardHatDetector\hardhat-train\1396264716_ee88c2f8f2.jpg</path>
	<source>
		<database>Unknown</database>
	</source>
	<size>
		<width>333</width>
		<height>500</height>
		<depth>3</depth>
	</size>
	<segmented>0</segmented>
	<object>
		<name>person hardhat</name>
		<pose>Unspecified</pose>
		<truncated>0</truncated>
		<difficult>0</difficult>
		<bndbox>
			<xmin>206</xmin>
			<ymin>195</ymin>
			<xmax>250</xmax>
			<ymax>257</ymax>
		</bndbox>
	</object>
</annotation>
