<annotation verified="yes">
	<folder>hardhat-train</folder>
	<filename>1397262397_002c33ab3e.jpg</filename>
	<path>E:\Development\Python\HardHatDetector\hardhat-train\1397262397_002c33ab3e.jpg</path>
	<source>
		<database>Unknown</database>
	</source>
	<size>
		<width>491</width>
		<height>500</height>
		<depth>3</depth>
	</size>
	<segmented>0</segmented>
	<object>
		<name>person hardhat</name>
		<pose>Unspecified</pose>
		<truncated>0</truncated>
		<difficult>0</difficult>
		<bndbox>
			<xmin>319</xmin>
			<ymin>243</ymin>
			<xmax>414</xmax>
			<ymax>345</ymax>
		</bndbox>
	</object>
</annotation>
