<annotation verified="yes">
	<folder>hardhat-train</folder>
	<filename>1418955296_7dd3770f9c.jpg</filename>
	<path>E:\Development\Python\HardHatDetector\hardhat-train\1418955296_7dd3770f9c.jpg</path>
	<source>
		<database>Unknown</database>
	</source>
	<size>
		<width>500</width>
		<height>390</height>
		<depth>3</depth>
	</size>
	<segmented>0</segmented>
	<object>
		<name>person hardhat</name>
		<pose>Unspecified</pose>
		<truncated>0</truncated>
		<difficult>0</difficult>
		<bndbox>
			<xmin>291</xmin>
			<ymin>68</ymin>
			<xmax>338</xmax>
			<ymax>124</ymax>
		</bndbox>
	</object>
</annotation>
