<annotation verified="yes">
	<folder>hardhat-train</folder>
	<filename>1448107191_3136839187.jpg</filename>
	<path>E:\Development\Python\HardHatDetector\hardhat-train\1448107191_3136839187.jpg</path>
	<source>
		<database>Unknown</database>
	</source>
	<size>
		<width>500</width>
		<height>405</height>
		<depth>3</depth>
	</size>
	<segmented>0</segmented>
	<object>
		<name>person hardhat</name>
		<pose>Unspecified</pose>
		<truncated>0</truncated>
		<difficult>0</difficult>
		<bndbox>
			<xmin>123</xmin>
			<ymin>56</ymin>
			<xmax>376</xmax>
			<ymax>311</ymax>
		</bndbox>
	</object>
</annotation>
