<annotation verified="yes">
	<folder>hardhat-train</folder>
	<filename>145963530_18ab457590.jpg</filename>
	<path>E:\Development\Python\HardHatDetector\hardhat-train\145963530_18ab457590.jpg</path>
	<source>
		<database>Unknown</database>
	</source>
	<size>
		<width>500</width>
		<height>375</height>
		<depth>3</depth>
	</size>
	<segmented>0</segmented>
	<object>
		<name>person hardhat</name>
		<pose>Unspecified</pose>
		<truncated>0</truncated>
		<difficult>0</difficult>
		<bndbox>
			<xmin>290</xmin>
			<ymin>70</ymin>
			<xmax>423</xmax>
			<ymax>207</ymax>
		</bndbox>
	</object>
	<object>
		<name>person hardhat</name>
		<pose>Unspecified</pose>
		<truncated>1</truncated>
		<difficult>0</difficult>
		<bndbox>
			<xmin>36</xmin>
			<ymin>1</ymin>
			<xmax>295</xmax>
			<ymax>273</ymax>
		</bndbox>
	</object>
</annotation>
