<annotation verified="yes">
	<folder>hardhat-train</folder>
	<filename>1535944331_7c6c38d073.jpg</filename>
	<path>E:\Development\Python\HardHatDetector\hardhat-train\1535944331_7c6c38d073.jpg</path>
	<source>
		<database>Unknown</database>
	</source>
	<size>
		<width>375</width>
		<height>500</height>
		<depth>3</depth>
	</size>
	<segmented>0</segmented>
	<object>
		<name>person hardhat</name>
		<pose>Unspecified</pose>
		<truncated>0</truncated>
		<difficult>0</difficult>
		<bndbox>
			<xmin>10</xmin>
			<ymin>288</ymin>
			<xmax>160</xmax>
			<ymax>444</ymax>
		</bndbox>
	</object>
	<object>
		<name>person hardhat</name>
		<pose>Unspecified</pose>
		<truncated>0</truncated>
		<difficult>0</difficult>
		<bndbox>
			<xmin>136</xmin>
			<ymin>269</ymin>
			<xmax>221</xmax>
			<ymax>358</ymax>
		</bndbox>
	</object>
	<object>
		<name>person hardhat</name>
		<pose>Unspecified</pose>
		<truncated>0</truncated>
		<difficult>0</difficult>
		<bndbox>
			<xmin>210</xmin>
			<ymin>269</ymin>
			<xmax>374</xmax>
			<ymax>442</ymax>
		</bndbox>
	</object>
</annotation>
