<annotation verified="yes">
	<folder>hardhat-train</folder>
	<filename>15565403_c9a2fbf5ce.jpg</filename>
	<path>E:\Development\Python\HardHatDetector\hardhat-train\15565403_c9a2fbf5ce.jpg</path>
	<source>
		<database>Unknown</database>
	</source>
	<size>
		<width>500</width>
		<height>463</height>
		<depth>3</depth>
	</size>
	<segmented>0</segmented>
	<object>
		<name>person hardhat</name>
		<pose>Unspecified</pose>
		<truncated>0</truncated>
		<difficult>0</difficult>
		<bndbox>
			<xmin>132</xmin>
			<ymin>111</ymin>
			<xmax>216</xmax>
			<ymax>204</ymax>
		</bndbox>
	</object>
	<object>
		<name>person hardhat</name>
		<pose>Unspecified</pose>
		<truncated>0</truncated>
		<difficult>0</difficult>
		<bndbox>
			<xmin>212</xmin>
			<ymin>53</ymin>
			<xmax>295</xmax>
			<ymax>167</ymax>
		</bndbox>
	</object>
</annotation>
