<annotation verified="yes">
	<folder>hardhat-train</folder>
	<filename>1601239018_162e11a970.jpg</filename>
	<path>E:\Development\Python\HardHatDetector\hardhat-train\1601239018_162e11a970.jpg</path>
	<source>
		<database>Unknown</database>
	</source>
	<size>
		<width>499</width>
		<height>332</height>
		<depth>3</depth>
	</size>
	<segmented>0</segmented>
	<object>
		<name>person hardhat</name>
		<pose>Unspecified</pose>
		<truncated>0</truncated>
		<difficult>0</difficult>
		<bndbox>
			<xmin>104</xmin>
			<ymin>161</ymin>
			<xmax>120</xmax>
			<ymax>182</ymax>
		</bndbox>
	</object>
</annotation>
