<annotation verified="yes">
	<folder>hardhat-train</folder>
	<filename>1633262575_d8a6268564.jpg</filename>
	<path>E:\Development\Python\HardHatDetector\hardhat-train\1633262575_d8a6268564.jpg</path>
	<source>
		<database>Unknown</database>
	</source>
	<size>
		<width>375</width>
		<height>500</height>
		<depth>3</depth>
	</size>
	<segmented>0</segmented>
	<object>
		<name>person hardhat</name>
		<pose>Unspecified</pose>
		<truncated>0</truncated>
		<difficult>0</difficult>
		<bndbox>
			<xmin>64</xmin>
			<ymin>11</ymin>
			<xmax>233</xmax>
			<ymax>251</ymax>
		</bndbox>
	</object>
</annotation>
