<annotation verified="yes">
	<folder>hardhat-train</folder>
	<filename>163367740_85d1bed37e.jpg</filename>
	<path>E:\Development\Python\HardHatDetector\hardhat-train\163367740_85d1bed37e.jpg</path>
	<source>
		<database>Unknown</database>
	</source>
	<size>
		<width>499</width>
		<height>333</height>
		<depth>3</depth>
	</size>
	<segmented>0</segmented>
	<object>
		<name>person hardhat</name>
		<pose>Unspecified</pose>
		<truncated>0</truncated>
		<difficult>0</difficult>
		<bndbox>
			<xmin>193</xmin>
			<ymin>63</ymin>
			<xmax>221</xmax>
			<ymax>98</ymax>
		</bndbox>
	</object>
	<object>
		<name>person hardhat</name>
		<pose>Unspecified</pose>
		<truncated>0</truncated>
		<difficult>0</difficult>
		<bndbox>
			<xmin>259</xmin>
			<ymin>86</ymin>
			<xmax>274</xmax>
			<ymax>103</ymax>
		</bndbox>
	</object>
	<object>
		<name>person hardhat</name>
		<pose>Unspecified</pose>
		<truncated>0</truncated>
		<difficult>0</difficult>
		<bndbox>
			<xmin>109</xmin>
			<ymin>91</ymin>
			<xmax>126</xmax>
			<ymax>110</ymax>
		</bndbox>
	</object>
	<object>
		<name>person hardhat</name>
		<pose>Unspecified</pose>
		<truncated>0</truncated>
		<difficult>0</difficult>
		<bndbox>
			<xmin>128</xmin>
			<ymin>94</ymin>
			<xmax>146</xmax>
			<ymax>111</ymax>
		</bndbox>
	</object>
</annotation>
