<annotation verified="yes">
	<folder>hardhat-train</folder>
	<filename>1636871920_837922caf8.jpg</filename>
	<path>E:\Development\Python\HardHatDetector\hardhat-train\1636871920_837922caf8.jpg</path>
	<source>
		<database>Unknown</database>
	</source>
	<size>
		<width>500</width>
		<height>375</height>
		<depth>3</depth>
	</size>
	<segmented>0</segmented>
	<object>
		<name>person hardhat</name>
		<pose>Unspecified</pose>
		<truncated>0</truncated>
		<difficult>0</difficult>
		<bndbox>
			<xmin>57</xmin>
			<ymin>67</ymin>
			<xmax>161</xmax>
			<ymax>220</ymax>
		</bndbox>
	</object>
	<object>
		<name>person hardhat</name>
		<pose>Unspecified</pose>
		<truncated>0</truncated>
		<difficult>0</difficult>
		<bndbox>
			<xmin>368</xmin>
			<ymin>20</ymin>
			<xmax>499</xmax>
			<ymax>214</ymax>
		</bndbox>
	</object>
</annotation>
