<annotation verified="yes">
	<folder>hardhat-train</folder>
	<filename>164310150_0bad70bff0.jpg</filename>
	<path>E:\Development\Python\HardHatDetector\hardhat-train\164310150_0bad70bff0.jpg</path>
	<source>
		<database>Unknown</database>
	</source>
	<size>
		<width>500</width>
		<height>333</height>
		<depth>3</depth>
	</size>
	<segmented>0</segmented>
	<object>
		<name>person hardhat</name>
		<pose>Unspecified</pose>
		<truncated>0</truncated>
		<difficult>0</difficult>
		<bndbox>
			<xmin>182</xmin>
			<ymin>54</ymin>
			<xmax>231</xmax>
			<ymax>104</ymax>
		</bndbox>
	</object>
	<object>
		<name>person hardhat</name>
		<pose>Unspecified</pose>
		<truncated>0</truncated>
		<difficult>0</difficult>
		<bndbox>
			<xmin>245</xmin>
			<ymin>82</ymin>
			<xmax>283</xmax>
			<ymax>132</ymax>
		</bndbox>
	</object>
</annotation>
