<annotation verified="yes">
	<folder>hardhat-train</folder>
	<filename>172832909_0f806d2a08.jpg</filename>
	<path>E:\Development\Python\HardHatDetector\hardhat-train\172832909_0f806d2a08.jpg</path>
	<source>
		<database>Unknown</database>
	</source>
	<size>
		<width>500</width>
		<height>375</height>
		<depth>3</depth>
	</size>
	<segmented>0</segmented>
	<object>
		<name>person hardhat</name>
		<pose>Unspecified</pose>
		<truncated>0</truncated>
		<difficult>0</difficult>
		<bndbox>
			<xmin>91</xmin>
			<ymin>7</ymin>
			<xmax>345</xmax>
			<ymax>335</ymax>
		</bndbox>
	</object>
</annotation>
