<annotation verified="yes">
	<folder>hardhat-train</folder>
	<filename>17534954_554c993553.jpg</filename>
	<path>E:\Development\Python\HardHatDetector\hardhat-train\17534954_554c993553.jpg</path>
	<source>
		<database>Unknown</database>
	</source>
	<size>
		<width>500</width>
		<height>375</height>
		<depth>3</depth>
	</size>
	<segmented>0</segmented>
	<object>
		<name>person hardhat</name>
		<pose>Unspecified</pose>
		<truncated>0</truncated>
		<difficult>0</difficult>
		<bndbox>
			<xmin>142</xmin>
			<ymin>21</ymin>
			<xmax>410</xmax>
			<ymax>280</ymax>
		</bndbox>
	</object>
</annotation>
