<annotation verified="yes">
	<folder>hardhat-train</folder>
	<filename>1769935037_e688421eb9.jpg</filename>
	<path>E:\Development\Python\HardHatDetector\hardhat-train\1769935037_e688421eb9.jpg</path>
	<source>
		<database>Unknown</database>
	</source>
	<size>
		<width>500</width>
		<height>375</height>
		<depth>3</depth>
	</size>
	<segmented>0</segmented>
	<object>
		<name>person hardhat</name>
		<pose>Unspecified</pose>
		<truncated>0</truncated>
		<difficult>0</difficult>
		<bndbox>
			<xmin>208</xmin>
			<ymin>85</ymin>
			<xmax>268</xmax>
			<ymax>156</ymax>
		</bndbox>
	</object>
</annotation>
