<annotation verified="yes">
	<folder>hardhat-train</folder>
	<filename>1840343689_5555f0bf73.jpg</filename>
	<path>E:\Development\Python\HardHatDetector\hardhat-train\1840343689_5555f0bf73.jpg</path>
	<source>
		<database>Unknown</database>
	</source>
	<size>
		<width>500</width>
		<height>375</height>
		<depth>3</depth>
	</size>
	<segmented>0</segmented>
	<object>
		<name>person hardhat</name>
		<pose>Unspecified</pose>
		<truncated>0</truncated>
		<difficult>0</difficult>
		<bndbox>
			<xmin>326</xmin>
			<ymin>142</ymin>
			<xmax>396</xmax>
			<ymax>215</ymax>
		</bndbox>
	</object>
	<object>
		<name>person hardhat</name>
		<pose>Unspecified</pose>
		<truncated>0</truncated>
		<difficult>0</difficult>
		<bndbox>
			<xmin>251</xmin>
			<ymin>135</ymin>
			<xmax>310</xmax>
			<ymax>197</ymax>
		</bndbox>
	</object>
	<object>
		<name>person hardhat</name>
		<pose>Unspecified</pose>
		<truncated>1</truncated>
		<difficult>0</difficult>
		<bndbox>
			<xmin>449</xmin>
			<ymin>22</ymin>
			<xmax>500</xmax>
			<ymax>163</ymax>
		</bndbox>
	</object>
</annotation>
