<annotation verified="yes">
	<folder>hardhat-train</folder>
	<filename>1840389045_34b40683eb.jpg</filename>
	<path>E:\Development\Python\HardHatDetector\hardhat-train\1840389045_34b40683eb.jpg</path>
	<source>
		<database>Unknown</database>
	</source>
	<size>
		<width>500</width>
		<height>375</height>
		<depth>3</depth>
	</size>
	<segmented>0</segmented>
	<object>
		<name>person hardhat</name>
		<pose>Unspecified</pose>
		<truncated>0</truncated>
		<difficult>0</difficult>
		<bndbox>
			<xmin>54</xmin>
			<ymin>112</ymin>
			<xmax>96</xmax>
			<ymax>153</ymax>
		</bndbox>
	</object>
	<object>
		<name>person hardhat</name>
		<pose>Unspecified</pose>
		<truncated>0</truncated>
		<difficult>0</difficult>
		<bndbox>
			<xmin>69</xmin>
			<ymin>85</ymin>
			<xmax>101</xmax>
			<ymax>126</ymax>
		</bndbox>
	</object>
</annotation>
