<annotation verified="yes">
	<folder>hardhat-train</folder>
	<filename>1841258380_fdf64327f0.jpg</filename>
	<path>E:\Development\Python\HardHatDetector\hardhat-train\1841258380_fdf64327f0.jpg</path>
	<source>
		<database>Unknown</database>
	</source>
	<size>
		<width>500</width>
		<height>375</height>
		<depth>3</depth>
	</size>
	<segmented>0</segmented>
	<object>
		<name>person hardhat</name>
		<pose>Unspecified</pose>
		<truncated>0</truncated>
		<difficult>0</difficult>
		<bndbox>
			<xmin>225</xmin>
			<ymin>134</ymin>
			<xmax>274</xmax>
			<ymax>181</ymax>
		</bndbox>
	</object>
	<object>
		<name>person hardhat</name>
		<pose>Unspecified</pose>
		<truncated>0</truncated>
		<difficult>0</difficult>
		<bndbox>
			<xmin>142</xmin>
			<ymin>103</ymin>
			<xmax>206</xmax>
			<ymax>170</ymax>
		</bndbox>
	</object>
</annotation>
