<annotation verified="yes">
	<folder>hardhat-train</folder>
	<filename>184387969_6fdd6537ce.jpg</filename>
	<path>E:\Development\Python\HardHatDetector\hardhat-train\184387969_6fdd6537ce.jpg</path>
	<source>
		<database>Unknown</database>
	</source>
	<size>
		<width>333</width>
		<height>500</height>
		<depth>3</depth>
	</size>
	<segmented>0</segmented>
	<object>
		<name>person hardhat</name>
		<pose>Unspecified</pose>
		<truncated>0</truncated>
		<difficult>0</difficult>
		<bndbox>
			<xmin>224</xmin>
			<ymin>103</ymin>
			<xmax>301</xmax>
			<ymax>177</ymax>
		</bndbox>
	</object>
</annotation>
