<annotation verified="yes">
	<folder>hardhat-train</folder>
	<filename>186894384_e9449cdc13.jpg</filename>
	<path>E:\Development\Python\HardHatDetector\hardhat-train\186894384_e9449cdc13.jpg</path>
	<source>
		<database>Unknown</database>
	</source>
	<size>
		<width>333</width>
		<height>500</height>
		<depth>3</depth>
	</size>
	<segmented>0</segmented>
	<object>
		<name>person hardhat</name>
		<pose>Unspecified</pose>
		<truncated>0</truncated>
		<difficult>0</difficult>
		<bndbox>
			<xmin>17</xmin>
			<ymin>64</ymin>
			<xmax>300</xmax>
			<ymax>346</ymax>
		</bndbox>
	</object>
</annotation>
