<annotation>
	<folder>hardhat-train</folder>
	<filename>186894097_9e8c9057b9.jpg</filename>
	<path>E:\Development\Python\HardHatDetector\hardhat-train\186894097_9e8c9057b9.jpg</path>
	<source>
		<database>Unknown</database>
	</source>
	<size>
		<width>500</width>
		<height>333</height>
		<depth>3</depth>
	</size>
	<segmented>0</segmented>
	<object>
		<name>person hardhat</name>
		<pose>Unspecified</pose>
		<truncated>0</truncated>
		<difficult>0</difficult>
		<bndbox>
			<xmin>158</xmin>
			<ymin>82</ymin>
			<xmax>183</xmax>
			<ymax>111</ymax>
		</bndbox>
	</object>
	<object>
		<name>person hardhat</name>
		<pose>Unspecified</pose>
		<truncated>0</truncated>
		<difficult>0</difficult>
		<bndbox>
			<xmin>280</xmin>
			<ymin>37</ymin>
			<xmax>313</xmax>
			<ymax>76</ymax>
		</bndbox>
	</object>
	<object>
		<name>person hardhat</name>
		<pose>Unspecified</pose>
		<truncated>0</truncated>
		<difficult>0</difficult>
		<bndbox>
			<xmin>333</xmin>
			<ymin>49</ymin>
			<xmax>381</xmax>
			<ymax>91</ymax>
		</bndbox>
	</object>
	<object>
		<name>person hardhat</name>
		<pose>Unspecified</pose>
		<truncated>0</truncated>
		<difficult>0</difficult>
		<bndbox>
			<xmin>464</xmin>
			<ymin>22</ymin>
			<xmax>481</xmax>
			<ymax>47</ymax>
		</bndbox>
	</object>
</annotation>
