<annotation verified="yes">
	<folder>hardhat-train</folder>
	<filename>1879282841_f8177358d9.jpg</filename>
	<path>E:\Development\Python\HardHatDetector\hardhat-train\1879282841_f8177358d9.jpg</path>
	<source>
		<database>Unknown</database>
	</source>
	<size>
		<width>376</width>
		<height>500</height>
		<depth>3</depth>
	</size>
	<segmented>0</segmented>
	<object>
		<name>person hardhat</name>
		<pose>Unspecified</pose>
		<truncated>1</truncated>
		<difficult>0</difficult>
		<bndbox>
			<xmin>1</xmin>
			<ymin>37</ymin>
			<xmax>370</xmax>
			<ymax>486</ymax>
		</bndbox>
	</object>
</annotation>
