<annotation verified="yes">
	<folder>hardhat-train</folder>
	<filename>190433315_7100f5430a.jpg</filename>
	<path>E:\Development\Python\HardHatDetector\hardhat-train\190433315_7100f5430a.jpg</path>
	<source>
		<database>Unknown</database>
	</source>
	<size>
		<width>500</width>
		<height>333</height>
		<depth>3</depth>
	</size>
	<segmented>0</segmented>
	<object>
		<name>person hardhat</name>
		<pose>Unspecified</pose>
		<truncated>0</truncated>
		<difficult>0</difficult>
		<bndbox>
			<xmin>293</xmin>
			<ymin>9</ymin>
			<xmax>417</xmax>
			<ymax>154</ymax>
		</bndbox>
	</object>
</annotation>
