<annotation verified="yes">
	<folder>hardhat-train</folder>
	<filename>197247967_0079eeb93e.jpg</filename>
	<path>E:\Development\Python\HardHatDetector\hardhat-train\197247967_0079eeb93e.jpg</path>
	<source>
		<database>Unknown</database>
	</source>
	<size>
		<width>500</width>
		<height>333</height>
		<depth>3</depth>
	</size>
	<segmented>0</segmented>
	<object>
		<name>person hardhat</name>
		<pose>Unspecified</pose>
		<truncated>0</truncated>
		<difficult>0</difficult>
		<bndbox>
			<xmin>168</xmin>
			<ymin>79</ymin>
			<xmax>248</xmax>
			<ymax>150</ymax>
		</bndbox>
	</object>
	<object>
		<name>person hardhat</name>
		<pose>Unspecified</pose>
		<truncated>0</truncated>
		<difficult>0</difficult>
		<bndbox>
			<xmin>313</xmin>
			<ymin>122</ymin>
			<xmax>377</xmax>
			<ymax>188</ymax>
		</bndbox>
	</object>
</annotation>
