<annotation verified="yes">
	<folder>hardhat-train</folder>
	<filename>1993776863_d5254689d0.jpg</filename>
	<path>E:\Development\Python\HardHatDetector\hardhat-train\1993776863_d5254689d0.jpg</path>
	<source>
		<database>Unknown</database>
	</source>
	<size>
		<width>500</width>
		<height>375</height>
		<depth>3</depth>
	</size>
	<segmented>0</segmented>
	<object>
		<name>person hardhat</name>
		<pose>Unspecified</pose>
		<truncated>0</truncated>
		<difficult>0</difficult>
		<bndbox>
			<xmin>215</xmin>
			<ymin>111</ymin>
			<xmax>271</xmax>
			<ymax>169</ymax>
		</bndbox>
	</object>
</annotation>
