<annotation verified="yes">
	<folder>hardhat-train</folder>
	<filename>1994614632_f8b8ae5947.jpg</filename>
	<path>E:\Development\Python\HardHatDetector\hardhat-train\1994614632_f8b8ae5947.jpg</path>
	<source>
		<database>Unknown</database>
	</source>
	<size>
		<width>500</width>
		<height>375</height>
		<depth>3</depth>
	</size>
	<segmented>0</segmented>
	<object>
		<name>person hardhat</name>
		<pose>Unspecified</pose>
		<truncated>0</truncated>
		<difficult>0</difficult>
		<bndbox>
			<xmin>26</xmin>
			<ymin>65</ymin>
			<xmax>89</xmax>
			<ymax>127</ymax>
		</bndbox>
	</object>
	<object>
		<name>person hardhat</name>
		<pose>Unspecified</pose>
		<truncated>0</truncated>
		<difficult>0</difficult>
		<bndbox>
			<xmin>138</xmin>
			<ymin>148</ymin>
			<xmax>167</xmax>
			<ymax>172</ymax>
		</bndbox>
	</object>
	<object>
		<name>person hardhat</name>
		<pose>Unspecified</pose>
		<truncated>0</truncated>
		<difficult>0</difficult>
		<bndbox>
			<xmin>163</xmin>
			<ymin>146</ymin>
			<xmax>187</xmax>
			<ymax>168</ymax>
		</bndbox>
	</object>
	<object>
		<name>person hardhat</name>
		<pose>Unspecified</pose>
		<truncated>0</truncated>
		<difficult>0</difficult>
		<bndbox>
			<xmin>294</xmin>
			<ymin>136</ymin>
			<xmax>316</xmax>
			<ymax>158</ymax>
		</bndbox>
	</object>
	<object>
		<name>person hardhat</name>
		<pose>Unspecified</pose>
		<truncated>0</truncated>
		<difficult>0</difficult>
		<bndbox>
			<xmin>364</xmin>
			<ymin>115</ymin>
			<xmax>402</xmax>
			<ymax>160</ymax>
		</bndbox>
	</object>
	<object>
		<name>person hardhat</name>
		<pose>Unspecified</pose>
		<truncated>1</truncated>
		<difficult>0</difficult>
		<bndbox>
			<xmin>446</xmin>
			<ymin>52</ymin>
			<xmax>500</xmax>
			<ymax>123</ymax>
		</bndbox>
	</object>
</annotation>
