<annotation verified="yes">
	<folder>hardhat-train</folder>
	<filename>202218276_bc48d6641c.jpg</filename>
	<path>E:\Development\Python\HardHatDetector\hardhat-train\202218276_bc48d6641c.jpg</path>
	<source>
		<database>Unknown</database>
	</source>
	<size>
		<width>500</width>
		<height>333</height>
		<depth>3</depth>
	</size>
	<segmented>0</segmented>
	<object>
		<name>person hardhat</name>
		<pose>Unspecified</pose>
		<truncated>0</truncated>
		<difficult>0</difficult>
		<bndbox>
			<xmin>16</xmin>
			<ymin>104</ymin>
			<xmax>32</xmax>
			<ymax>122</ymax>
		</bndbox>
	</object>
	<object>
		<name>person hardhat</name>
		<pose>Unspecified</pose>
		<truncated>0</truncated>
		<difficult>0</difficult>
		<bndbox>
			<xmin>378</xmin>
			<ymin>126</ymin>
			<xmax>385</xmax>
			<ymax>135</ymax>
		</bndbox>
	</object>
	<object>
		<name>person hardhat</name>
		<pose>Unspecified</pose>
		<truncated>0</truncated>
		<difficult>0</difficult>
		<bndbox>
			<xmin>345</xmin>
			<ymin>126</ymin>
			<xmax>352</xmax>
			<ymax>133</ymax>
		</bndbox>
	</object>
</annotation>
