<annotation>
	<folder>hardhat-train</folder>
	<filename>202462532_f3d8d4d2f6.jpg</filename>
	<path>E:\Development\Python\HardHatDetector\hardhat-train\202462532_f3d8d4d2f6.jpg</path>
	<source>
		<database>Unknown</database>
	</source>
	<size>
		<width>499</width>
		<height>333</height>
		<depth>3</depth>
	</size>
	<segmented>0</segmented>
	<object>
		<name>person hardhat</name>
		<pose>Unspecified</pose>
		<truncated>0</truncated>
		<difficult>0</difficult>
		<bndbox>
			<xmin>157</xmin>
			<ymin>82</ymin>
			<xmax>226</xmax>
			<ymax>168</ymax>
		</bndbox>
	</object>
	<object>
		<name>person hardhat</name>
		<pose>Unspecified</pose>
		<truncated>0</truncated>
		<difficult>0</difficult>
		<bndbox>
			<xmin>309</xmin>
			<ymin>117</ymin>
			<xmax>374</xmax>
			<ymax>199</ymax>
		</bndbox>
	</object>
	<object>
		<name>person hardhat</name>
		<pose>Unspecified</pose>
		<truncated>0</truncated>
		<difficult>0</difficult>
		<bndbox>
			<xmin>242</xmin>
			<ymin>37</ymin>
			<xmax>302</xmax>
			<ymax>118</ymax>
		</bndbox>
	</object>
</annotation>
