<annotation verified="yes">
	<folder>hardhat-train</folder>
	<filename>202563866_175e41fd6f.jpg</filename>
	<path>E:\Development\Python\HardHatDetector\hardhat-train\202563866_175e41fd6f.jpg</path>
	<source>
		<database>Unknown</database>
	</source>
	<size>
		<width>500</width>
		<height>435</height>
		<depth>1</depth>
	</size>
	<segmented>0</segmented>
	<object>
		<name>person hardhat</name>
		<pose>Unspecified</pose>
		<truncated>0</truncated>
		<difficult>0</difficult>
		<bndbox>
			<xmin>99</xmin>
			<ymin>115</ymin>
			<xmax>164</xmax>
			<ymax>160</ymax>
		</bndbox>
	</object>
	<object>
		<name>person hardhat</name>
		<pose>Unspecified</pose>
		<truncated>0</truncated>
		<difficult>0</difficult>
		<bndbox>
			<xmin>287</xmin>
			<ymin>136</ymin>
			<xmax>339</xmax>
			<ymax>201</ymax>
		</bndbox>
	</object>
</annotation>
