<annotation verified="yes">
	<folder>hardhat-train</folder>
	<filename>2035503318_fd94618f3d.jpg</filename>
	<path>E:\Development\Python\HardHatDetector\hardhat-train\2035503318_fd94618f3d.jpg</path>
	<source>
		<database>Unknown</database>
	</source>
	<size>
		<width>339</width>
		<height>500</height>
		<depth>1</depth>
	</size>
	<segmented>0</segmented>
	<object>
		<name>person hardhat</name>
		<pose>Unspecified</pose>
		<truncated>0</truncated>
		<difficult>0</difficult>
		<bndbox>
			<xmin>263</xmin>
			<ymin>231</ymin>
			<xmax>300</xmax>
			<ymax>272</ymax>
		</bndbox>
	</object>
</annotation>
