<annotation verified="yes">
	<folder>hardhat-train</folder>
	<filename>2040816845_607beb8644.jpg</filename>
	<path>E:\Development\Python\HardHatDetector\hardhat-train\2040816845_607beb8644.jpg</path>
	<source>
		<database>Unknown</database>
	</source>
	<size>
		<width>337</width>
		<height>500</height>
		<depth>3</depth>
	</size>
	<segmented>0</segmented>
	<object>
		<name>person hardhat</name>
		<pose>Unspecified</pose>
		<truncated>0</truncated>
		<difficult>0</difficult>
		<bndbox>
			<xmin>141</xmin>
			<ymin>204</ymin>
			<xmax>180</xmax>
			<ymax>246</ymax>
		</bndbox>
	</object>
</annotation>
