<annotation>
	<folder>hardhat-train</folder>
	<filename>206957807_be96bb0ef8.jpg</filename>
	<path>E:\Development\Python\HardHatDetector\hardhat-train\206957807_be96bb0ef8.jpg</path>
	<source>
		<database>Unknown</database>
	</source>
	<size>
		<width>375</width>
		<height>500</height>
		<depth>3</depth>
	</size>
	<segmented>0</segmented>
	<object>
		<name>person hardhat</name>
		<pose>Unspecified</pose>
		<truncated>0</truncated>
		<difficult>0</difficult>
		<bndbox>
			<xmin>93</xmin>
			<ymin>101</ymin>
			<xmax>258</xmax>
			<ymax>303</ymax>
		</bndbox>
	</object>
</annotation>
