<annotation verified="yes">
	<folder>hardhat-train</folder>
	<filename>2082514509_533dc9c2b9.jpg</filename>
	<path>E:\Development\Python\HardHatDetector\hardhat-train\2082514509_533dc9c2b9.jpg</path>
	<source>
		<database>Unknown</database>
	</source>
	<size>
		<width>499</width>
		<height>332</height>
		<depth>3</depth>
	</size>
	<segmented>0</segmented>
	<object>
		<name>person hardhat</name>
		<pose>Unspecified</pose>
		<truncated>0</truncated>
		<difficult>0</difficult>
		<bndbox>
			<xmin>86</xmin>
			<ymin>75</ymin>
			<xmax>183</xmax>
			<ymax>198</ymax>
		</bndbox>
	</object>
	<object>
		<name>person hardhat</name>
		<pose>Unspecified</pose>
		<truncated>0</truncated>
		<difficult>0</difficult>
		<bndbox>
			<xmin>306</xmin>
			<ymin>128</ymin>
			<xmax>320</xmax>
			<ymax>147</ymax>
		</bndbox>
	</object>
	<object>
		<name>person hardhat</name>
		<pose>Unspecified</pose>
		<truncated>0</truncated>
		<difficult>0</difficult>
		<bndbox>
			<xmin>343</xmin>
			<ymin>127</ymin>
			<xmax>360</xmax>
			<ymax>154</ymax>
		</bndbox>
	</object>
	<object>
		<name>person hardhat</name>
		<pose>Unspecified</pose>
		<truncated>0</truncated>
		<difficult>0</difficult>
		<bndbox>
			<xmin>368</xmin>
			<ymin>130</ymin>
			<xmax>385</xmax>
			<ymax>152</ymax>
		</bndbox>
	</object>
</annotation>
