<annotation verified="yes">
	<folder>hardhat-train</folder>
	<filename>2094468764_18227e1f58.jpg</filename>
	<path>E:\Development\Python\HardHatDetector\hardhat-train\2094468764_18227e1f58.jpg</path>
	<source>
		<database>Unknown</database>
	</source>
	<size>
		<width>375</width>
		<height>500</height>
		<depth>3</depth>
	</size>
	<segmented>0</segmented>
	<object>
		<name>person hardhat</name>
		<pose>Unspecified</pose>
		<truncated>0</truncated>
		<difficult>0</difficult>
		<bndbox>
			<xmin>78</xmin>
			<ymin>87</ymin>
			<xmax>325</xmax>
			<ymax>383</ymax>
		</bndbox>
	</object>
</annotation>
