<annotation verified="yes">
	<folder>hardhat-train</folder>
	<filename>210538033_6bf4b5901b.jpg</filename>
	<path>E:\Development\Python\HardHatDetector\hardhat-train\210538033_6bf4b5901b.jpg</path>
	<source>
		<database>Unknown</database>
	</source>
	<size>
		<width>500</width>
		<height>375</height>
		<depth>3</depth>
	</size>
	<segmented>0</segmented>
	<object>
		<name>person hardhat</name>
		<pose>Unspecified</pose>
		<truncated>0</truncated>
		<difficult>0</difficult>
		<bndbox>
			<xmin>155</xmin>
			<ymin>49</ymin>
			<xmax>272</xmax>
			<ymax>166</ymax>
		</bndbox>
	</object>
	<object>
		<name>person hardhat</name>
		<pose>Unspecified</pose>
		<truncated>0</truncated>
		<difficult>0</difficult>
		<bndbox>
			<xmin>261</xmin>
			<ymin>68</ymin>
			<xmax>362</xmax>
			<ymax>195</ymax>
		</bndbox>
	</object>
</annotation>
