<annotation verified="yes">
	<folder>hardhat-train</folder>
	<filename>2107569676_d1c8268f34.jpg</filename>
	<path>E:\Development\Python\HardHatDetector\hardhat-train\2107569676_d1c8268f34.jpg</path>
	<source>
		<database>Unknown</database>
	</source>
	<size>
		<width>499</width>
		<height>332</height>
		<depth>3</depth>
	</size>
	<segmented>0</segmented>
	<object>
		<name>person hardhat</name>
		<pose>Unspecified</pose>
		<truncated>0</truncated>
		<difficult>0</difficult>
		<bndbox>
			<xmin>251</xmin>
			<ymin>29</ymin>
			<xmax>324</xmax>
			<ymax>123</ymax>
		</bndbox>
	</object>
	<object>
		<name>person hardhat</name>
		<pose>Unspecified</pose>
		<truncated>1</truncated>
		<difficult>0</difficult>
		<bndbox>
			<xmin>469</xmin>
			<ymin>31</ymin>
			<xmax>499</xmax>
			<ymax>107</ymax>
		</bndbox>
	</object>
</annotation>
