<annotation>
	<folder>hardhat-train</folder>
	<filename>211354813_811953148a.jpg</filename>
	<path>E:\Development\Python\HardHatDetector\hardhat-train\211354813_811953148a.jpg</path>
	<source>
		<database>Unknown</database>
	</source>
	<size>
		<width>333</width>
		<height>500</height>
		<depth>3</depth>
	</size>
	<segmented>0</segmented>
	<object>
		<name>person hardhat</name>
		<pose>Unspecified</pose>
		<truncated>0</truncated>
		<difficult>0</difficult>
		<bndbox>
			<xmin>216</xmin>
			<ymin>121</ymin>
			<xmax>294</xmax>
			<ymax>216</ymax>
		</bndbox>
	</object>
</annotation>
