<annotation verified="yes">
	<folder>hardhat-train</folder>
	<filename>2129483195_a2e4aed4ea.jpg</filename>
	<path>E:\Development\Python\HardHatDetector\hardhat-train\2129483195_a2e4aed4ea.jpg</path>
	<source>
		<database>Unknown</database>
	</source>
	<size>
		<width>500</width>
		<height>333</height>
		<depth>3</depth>
	</size>
	<segmented>0</segmented>
	<object>
		<name>person hardhat</name>
		<pose>Unspecified</pose>
		<truncated>0</truncated>
		<difficult>0</difficult>
		<bndbox>
			<xmin>115</xmin>
			<ymin>159</ymin>
			<xmax>137</xmax>
			<ymax>182</ymax>
		</bndbox>
	</object>
	<object>
		<name>person hardhat</name>
		<pose>Unspecified</pose>
		<truncated>0</truncated>
		<difficult>0</difficult>
		<bndbox>
			<xmin>244</xmin>
			<ymin>165</ymin>
			<xmax>260</xmax>
			<ymax>185</ymax>
		</bndbox>
	</object>
	<object>
		<name>person hardhat</name>
		<pose>Unspecified</pose>
		<truncated>0</truncated>
		<difficult>0</difficult>
		<bndbox>
			<xmin>357</xmin>
			<ymin>143</ymin>
			<xmax>376</xmax>
			<ymax>167</ymax>
		</bndbox>
	</object>
</annotation>
