<annotation verified="yes">
	<folder>hardhat-train</folder>
	<filename>2158352579_ee00c1e7ee.jpg</filename>
	<path>E:\Development\Python\HardHatDetector\hardhat-train\2158352579_ee00c1e7ee.jpg</path>
	<source>
		<database>Unknown</database>
	</source>
	<size>
		<width>500</width>
		<height>375</height>
		<depth>3</depth>
	</size>
	<segmented>0</segmented>
	<object>
		<name>person hardhat</name>
		<pose>Unspecified</pose>
		<truncated>0</truncated>
		<difficult>0</difficult>
		<bndbox>
			<xmin>112</xmin>
			<ymin>198</ymin>
			<xmax>225</xmax>
			<ymax>324</ymax>
		</bndbox>
	</object>
	<object>
		<name>person hardhat</name>
		<pose>Unspecified</pose>
		<truncated>0</truncated>
		<difficult>0</difficult>
		<bndbox>
			<xmin>345</xmin>
			<ymin>145</ymin>
			<xmax>402</xmax>
			<ymax>201</ymax>
		</bndbox>
	</object>
</annotation>
