<annotation verified="yes">
	<folder>hardhat-train</folder>
	<filename>2168461786_04f9171e27.jpg</filename>
	<path>E:\Development\Python\HardHatDetector\hardhat-train\2168461786_04f9171e27.jpg</path>
	<source>
		<database>Unknown</database>
	</source>
	<size>
		<width>500</width>
		<height>348</height>
		<depth>1</depth>
	</size>
	<segmented>0</segmented>
	<object>
		<name>person hardhat</name>
		<pose>Unspecified</pose>
		<truncated>0</truncated>
		<difficult>0</difficult>
		<bndbox>
			<xmin>76</xmin>
			<ymin>28</ymin>
			<xmax>132</xmax>
			<ymax>84</ymax>
		</bndbox>
	</object>
	<object>
		<name>person hardhat</name>
		<pose>Unspecified</pose>
		<truncated>0</truncated>
		<difficult>0</difficult>
		<bndbox>
			<xmin>126</xmin>
			<ymin>43</ymin>
			<xmax>176</xmax>
			<ymax>102</ymax>
		</bndbox>
	</object>
</annotation>
