<annotation verified="yes">
	<folder>hardhat-train</folder>
	<filename>2168460998_f2f51c2e4f.jpg</filename>
	<path>E:\Development\Python\HardHatDetector\hardhat-train\2168460998_f2f51c2e4f.jpg</path>
	<source>
		<database>Unknown</database>
	</source>
	<size>
		<width>500</width>
		<height>340</height>
		<depth>1</depth>
	</size>
	<segmented>0</segmented>
	<object>
		<name>person hardhat</name>
		<pose>Unspecified</pose>
		<truncated>0</truncated>
		<difficult>0</difficult>
		<bndbox>
			<xmin>98</xmin>
			<ymin>36</ymin>
			<xmax>138</xmax>
			<ymax>82</ymax>
		</bndbox>
	</object>
	<object>
		<name>person hardhat</name>
		<pose>Unspecified</pose>
		<truncated>0</truncated>
		<difficult>0</difficult>
		<bndbox>
			<xmin>168</xmin>
			<ymin>32</ymin>
			<xmax>210</xmax>
			<ymax>80</ymax>
		</bndbox>
	</object>
	<object>
		<name>person hardhat</name>
		<pose>Unspecified</pose>
		<truncated>0</truncated>
		<difficult>0</difficult>
		<bndbox>
			<xmin>209</xmin>
			<ymin>17</ymin>
			<xmax>255</xmax>
			<ymax>59</ymax>
		</bndbox>
	</object>
</annotation>
