<annotation verified="yes">
	<folder>hardhat-train</folder>
	<filename>2169424459_96de5a471a.jpg</filename>
	<path>E:\Development\Python\HardHatDetector\hardhat-train\2169424459_96de5a471a.jpg</path>
	<source>
		<database>Unknown</database>
	</source>
	<size>
		<width>360</width>
		<height>500</height>
		<depth>3</depth>
	</size>
	<segmented>0</segmented>
	<object>
		<name>person hardhat</name>
		<pose>Unspecified</pose>
		<truncated>0</truncated>
		<difficult>0</difficult>
		<bndbox>
			<xmin>95</xmin>
			<ymin>58</ymin>
			<xmax>248</xmax>
			<ymax>232</ymax>
		</bndbox>
	</object>
</annotation>
