<annotation verified="yes">
	<folder>hardhat-train</folder>
	<filename>2169422605_06054590b6.jpg</filename>
	<path>E:\Development\Python\HardHatDetector\hardhat-train\2169422605_06054590b6.jpg</path>
	<source>
		<database>Unknown</database>
	</source>
	<size>
		<width>375</width>
		<height>500</height>
		<depth>3</depth>
	</size>
	<segmented>0</segmented>
	<object>
		<name>person hardhat</name>
		<pose>Unspecified</pose>
		<truncated>0</truncated>
		<difficult>0</difficult>
		<bndbox>
			<xmin>124</xmin>
			<ymin>25</ymin>
			<xmax>186</xmax>
			<ymax>106</ymax>
		</bndbox>
	</object>
</annotation>
