<annotation verified="yes">
	<folder>hardhat-train</folder>
	<filename>2179529865_648c9f451d.jpg</filename>
	<path>E:\Development\Python\HardHatDetector\hardhat-train\2179529865_648c9f451d.jpg</path>
	<source>
		<database>Unknown</database>
	</source>
	<size>
		<width>500</width>
		<height>375</height>
		<depth>3</depth>
	</size>
	<segmented>0</segmented>
	<object>
		<name>person hardhat</name>
		<pose>Unspecified</pose>
		<truncated>0</truncated>
		<difficult>0</difficult>
		<bndbox>
			<xmin>317</xmin>
			<ymin>164</ymin>
			<xmax>379</xmax>
			<ymax>230</ymax>
		</bndbox>
	</object>
	<object>
		<name>person hardhat</name>
		<pose>Unspecified</pose>
		<truncated>0</truncated>
		<difficult>0</difficult>
		<bndbox>
			<xmin>167</xmin>
			<ymin>177</ymin>
			<xmax>204</xmax>
			<ymax>221</ymax>
		</bndbox>
	</object>
</annotation>
