<annotation verified="yes">
	<folder>hardhat-train</folder>
	<filename>2179477997_8fea57ab74.jpg</filename>
	<path>E:\Development\Python\HardHatDetector\hardhat-train\2179477997_8fea57ab74.jpg</path>
	<source>
		<database>Unknown</database>
	</source>
	<size>
		<width>500</width>
		<height>375</height>
		<depth>3</depth>
	</size>
	<segmented>0</segmented>
	<object>
		<name>person hardhat</name>
		<pose>Unspecified</pose>
		<truncated>0</truncated>
		<difficult>0</difficult>
		<bndbox>
			<xmin>294</xmin>
			<ymin>61</ymin>
			<xmax>331</xmax>
			<ymax>100</ymax>
		</bndbox>
	</object>
	<object>
		<name>person hardhat</name>
		<pose>Unspecified</pose>
		<truncated>0</truncated>
		<difficult>0</difficult>
		<bndbox>
			<xmin>226</xmin>
			<ymin>150</ymin>
			<xmax>264</xmax>
			<ymax>194</ymax>
		</bndbox>
	</object>
</annotation>
