<annotation>
	<folder>hardhat-train</folder>
	<filename>2180046725_de86561790.jpg</filename>
	<path>E:\Development\Python\HardHatDetector\hardhat-train\2180046725_de86561790.jpg</path>
	<source>
		<database>Unknown</database>
	</source>
	<size>
		<width>499</width>
		<height>333</height>
		<depth>3</depth>
	</size>
	<segmented>0</segmented>
	<object>
		<name>person hardhat</name>
		<pose>Unspecified</pose>
		<truncated>0</truncated>
		<difficult>0</difficult>
		<bndbox>
			<xmin>152</xmin>
			<ymin>123</ymin>
			<xmax>162</xmax>
			<ymax>137</ymax>
		</bndbox>
	</object>
	<object>
		<name>person hardhat</name>
		<pose>Unspecified</pose>
		<truncated>0</truncated>
		<difficult>0</difficult>
		<bndbox>
			<xmin>59</xmin>
			<ymin>127</ymin>
			<xmax>75</xmax>
			<ymax>145</ymax>
		</bndbox>
	</object>
</annotation>
