<annotation verified="yes">
	<folder>hardhat-train</folder>
	<filename>2180199798_76ba40e6ba.jpg</filename>
	<path>E:\Development\Python\HardHatDetector\hardhat-train\2180199798_76ba40e6ba.jpg</path>
	<source>
		<database>Unknown</database>
	</source>
	<size>
		<width>500</width>
		<height>375</height>
		<depth>3</depth>
	</size>
	<segmented>0</segmented>
	<object>
		<name>person hardhat</name>
		<pose>Unspecified</pose>
		<truncated>0</truncated>
		<difficult>0</difficult>
		<bndbox>
			<xmin>274</xmin>
			<ymin>86</ymin>
			<xmax>366</xmax>
			<ymax>169</ymax>
		</bndbox>
	</object>
</annotation>
