<annotation verified="yes">
	<folder>hardhat-train</folder>
	<filename>218889683_d34187d5ae.jpg</filename>
	<path>E:\Development\Python\HardHatDetector\hardhat-train\218889683_d34187d5ae.jpg</path>
	<source>
		<database>Unknown</database>
	</source>
	<size>
		<width>500</width>
		<height>333</height>
		<depth>3</depth>
	</size>
	<segmented>0</segmented>
	<object>
		<name>person hardhat</name>
		<pose>Unspecified</pose>
		<truncated>0</truncated>
		<difficult>0</difficult>
		<bndbox>
			<xmin>205</xmin>
			<ymin>34</ymin>
			<xmax>288</xmax>
			<ymax>116</ymax>
		</bndbox>
	</object>
</annotation>
