<annotation verified="yes">
	<folder>hardhat-train</folder>
	<filename>218888204_be446e8874.jpg</filename>
	<path>E:\Development\Python\HardHatDetector\hardhat-train\218888204_be446e8874.jpg</path>
	<source>
		<database>Unknown</database>
	</source>
	<size>
		<width>333</width>
		<height>500</height>
		<depth>3</depth>
	</size>
	<segmented>0</segmented>
	<object>
		<name>person hardhat</name>
		<pose>Unspecified</pose>
		<truncated>0</truncated>
		<difficult>0</difficult>
		<bndbox>
			<xmin>102</xmin>
			<ymin>130</ymin>
			<xmax>162</xmax>
			<ymax>199</ymax>
		</bndbox>
	</object>
	<object>
		<name>person hardhat</name>
		<pose>Unspecified</pose>
		<truncated>1</truncated>
		<difficult>0</difficult>
		<bndbox>
			<xmin>1</xmin>
			<ymin>78</ymin>
			<xmax>21</xmax>
			<ymax>123</ymax>
		</bndbox>
	</object>
</annotation>
