<annotation verified="yes">
	<folder>hardhat-train</folder>
	<filename>218889554_b22a188ef3.jpg</filename>
	<path>E:\Development\Python\HardHatDetector\hardhat-train\218889554_b22a188ef3.jpg</path>
	<source>
		<database>Unknown</database>
	</source>
	<size>
		<width>500</width>
		<height>333</height>
		<depth>3</depth>
	</size>
	<segmented>0</segmented>
	<object>
		<name>person hardhat</name>
		<pose>Unspecified</pose>
		<truncated>0</truncated>
		<difficult>0</difficult>
		<bndbox>
			<xmin>120</xmin>
			<ymin>99</ymin>
			<xmax>169</xmax>
			<ymax>156</ymax>
		</bndbox>
	</object>
	<object>
		<name>person hardhat</name>
		<pose>Unspecified</pose>
		<truncated>0</truncated>
		<difficult>0</difficult>
		<bndbox>
			<xmin>337</xmin>
			<ymin>126</ymin>
			<xmax>369</xmax>
			<ymax>162</ymax>
		</bndbox>
	</object>
</annotation>
