<annotation verified="yes">
	<folder>hardhat-train</folder>
	<filename>2195106677_78b051b5c5.jpg</filename>
	<path>E:\Development\Python\HardHatDetector\hardhat-train\2195106677_78b051b5c5.jpg</path>
	<source>
		<database>Unknown</database>
	</source>
	<size>
		<width>250</width>
		<height>250</height>
		<depth>3</depth>
	</size>
	<segmented>0</segmented>
	<object>
		<name>person hardhat</name>
		<pose>Unspecified</pose>
		<truncated>0</truncated>
		<difficult>0</difficult>
		<bndbox>
			<xmin>88</xmin>
			<ymin>69</ymin>
			<xmax>184</xmax>
			<ymax>192</ymax>
		</bndbox>
	</object>
</annotation>
