<annotation verified="yes">
	<folder>hardhat-train</folder>
	<filename>2196815517_df8efaa862.jpg</filename>
	<path>E:\Development\Python\HardHatDetector\hardhat-train\2196815517_df8efaa862.jpg</path>
	<source>
		<database>Unknown</database>
	</source>
	<size>
		<width>500</width>
		<height>500</height>
		<depth>3</depth>
	</size>
	<segmented>0</segmented>
	<object>
		<name>person hardhat</name>
		<pose>Unspecified</pose>
		<truncated>1</truncated>
		<difficult>0</difficult>
		<bndbox>
			<xmin>97</xmin>
			<ymin>1</ymin>
			<xmax>391</xmax>
			<ymax>344</ymax>
		</bndbox>
	</object>
</annotation>
