<annotation verified="yes">
	<folder>hardhat-train</folder>
	<filename>2204692910_59b6c2c73b.jpg</filename>
	<path>E:\Development\Python\HardHatDetector\hardhat-train\2204692910_59b6c2c73b.jpg</path>
	<source>
		<database>Unknown</database>
	</source>
	<size>
		<width>500</width>
		<height>375</height>
		<depth>3</depth>
	</size>
	<segmented>0</segmented>
	<object>
		<name>person hardhat</name>
		<pose>Unspecified</pose>
		<truncated>0</truncated>
		<difficult>0</difficult>
		<bndbox>
			<xmin>181</xmin>
			<ymin>97</ymin>
			<xmax>248</xmax>
			<ymax>179</ymax>
		</bndbox>
	</object>
</annotation>
