<annotation verified="yes">
	<folder>hardhat-train</folder>
	<filename>220535778_af3856b181.jpg</filename>
	<path>E:\Development\Python\HardHatDetector\hardhat-train\220535778_af3856b181.jpg</path>
	<source>
		<database>Unknown</database>
	</source>
	<size>
		<width>499</width>
		<height>374</height>
		<depth>3</depth>
	</size>
	<segmented>0</segmented>
	<object>
		<name>person hardhat</name>
		<pose>Unspecified</pose>
		<truncated>0</truncated>
		<difficult>0</difficult>
		<bndbox>
			<xmin>188</xmin>
			<ymin>20</ymin>
			<xmax>375</xmax>
			<ymax>259</ymax>
		</bndbox>
	</object>
</annotation>
