<annotation verified="yes">
	<folder>hardhat-train</folder>
	<filename>2206900713_422b1e2a47.jpg</filename>
	<path>E:\Development\Python\HardHatDetector\hardhat-train\2206900713_422b1e2a47.jpg</path>
	<source>
		<database>Unknown</database>
	</source>
	<size>
		<width>500</width>
		<height>375</height>
		<depth>3</depth>
	</size>
	<segmented>0</segmented>
	<object>
		<name>person hardhat</name>
		<pose>Unspecified</pose>
		<truncated>0</truncated>
		<difficult>0</difficult>
		<bndbox>
			<xmin>163</xmin>
			<ymin>97</ymin>
			<xmax>191</xmax>
			<ymax>128</ymax>
		</bndbox>
	</object>
	<object>
		<name>person hardhat</name>
		<pose>Unspecified</pose>
		<truncated>0</truncated>
		<difficult>0</difficult>
		<bndbox>
			<xmin>283</xmin>
			<ymin>98</ymin>
			<xmax>309</xmax>
			<ymax>128</ymax>
		</bndbox>
	</object>
</annotation>
