<annotation verified="yes">
	<folder>hardhat-train</folder>
	<filename>2212217071_0c66bdb979.jpg</filename>
	<path>E:\Development\Python\HardHatDetector\hardhat-train\2212217071_0c66bdb979.jpg</path>
	<source>
		<database>Unknown</database>
	</source>
	<size>
		<width>500</width>
		<height>500</height>
		<depth>1</depth>
	</size>
	<segmented>0</segmented>
	<object>
		<name>person hardhat</name>
		<pose>Unspecified</pose>
		<truncated>0</truncated>
		<difficult>0</difficult>
		<bndbox>
			<xmin>56</xmin>
			<ymin>83</ymin>
			<xmax>192</xmax>
			<ymax>264</ymax>
		</bndbox>
	</object>
	<object>
		<name>person hardhat</name>
		<pose>Unspecified</pose>
		<truncated>0</truncated>
		<difficult>0</difficult>
		<bndbox>
			<xmin>301</xmin>
			<ymin>46</ymin>
			<xmax>434</xmax>
			<ymax>227</ymax>
		</bndbox>
	</object>
</annotation>
