<annotation verified="yes">
	<folder>hardhat-train</folder>
	<filename>2212948456_ebb2a54e89.jpg</filename>
	<path>E:\Development\Python\HardHatDetector\hardhat-train\2212948456_ebb2a54e89.jpg</path>
	<source>
		<database>Unknown</database>
	</source>
	<size>
		<width>375</width>
		<height>500</height>
		<depth>3</depth>
	</size>
	<segmented>0</segmented>
	<object>
		<name>person hardhat</name>
		<pose>Unspecified</pose>
		<truncated>1</truncated>
		<difficult>0</difficult>
		<bndbox>
			<xmin>94</xmin>
			<ymin>1</ymin>
			<xmax>306</xmax>
			<ymax>270</ymax>
		</bndbox>
	</object>
</annotation>
