<annotation verified="yes">
	<folder>hardhat-train</folder>
	<filename>2215159755_830fe4f2b5.jpg</filename>
	<path>E:\Development\Python\HardHatDetector\hardhat-train\2215159755_830fe4f2b5.jpg</path>
	<source>
		<database>Unknown</database>
	</source>
	<size>
		<width>500</width>
		<height>325</height>
		<depth>3</depth>
	</size>
	<segmented>0</segmented>
	<object>
		<name>person hardhat</name>
		<pose>Unspecified</pose>
		<truncated>0</truncated>
		<difficult>0</difficult>
		<bndbox>
			<xmin>130</xmin>
			<ymin>152</ymin>
			<xmax>153</xmax>
			<ymax>186</ymax>
		</bndbox>
	</object>
	<object>
		<name>person hardhat</name>
		<pose>Unspecified</pose>
		<truncated>0</truncated>
		<difficult>0</difficult>
		<bndbox>
			<xmin>175</xmin>
			<ymin>146</ymin>
			<xmax>210</xmax>
			<ymax>187</ymax>
		</bndbox>
	</object>
</annotation>
