<annotation verified="yes">
	<folder>hardhat-train</folder>
	<filename>2217285321_65c95a0baf.jpg</filename>
	<path>E:\Development\Python\HardHatDetector\hardhat-train\2217285321_65c95a0baf.jpg</path>
	<source>
		<database>Unknown</database>
	</source>
	<size>
		<width>375</width>
		<height>500</height>
		<depth>3</depth>
	</size>
	<segmented>0</segmented>
	<object>
		<name>person hardhat</name>
		<pose>Unspecified</pose>
		<truncated>0</truncated>
		<difficult>0</difficult>
		<bndbox>
			<xmin>171</xmin>
			<ymin>260</ymin>
			<xmax>188</xmax>
			<ymax>280</ymax>
		</bndbox>
	</object>
	<object>
		<name>person hardhat</name>
		<pose>Unspecified</pose>
		<truncated>0</truncated>
		<difficult>0</difficult>
		<bndbox>
			<xmin>205</xmin>
			<ymin>263</ymin>
			<xmax>216</xmax>
			<ymax>279</ymax>
		</bndbox>
	</object>
	<object>
		<name>person hardhat</name>
		<pose>Unspecified</pose>
		<truncated>0</truncated>
		<difficult>0</difficult>
		<bndbox>
			<xmin>131</xmin>
			<ymin>265</ymin>
			<xmax>156</xmax>
			<ymax>295</ymax>
		</bndbox>
	</object>
</annotation>
