<annotation verified="yes">
	<folder>hardhat-train</folder>
	<filename>221856780_64fc400cc7.jpg</filename>
	<path>E:\Development\Python\HardHatDetector\hardhat-train\221856780_64fc400cc7.jpg</path>
	<source>
		<database>Unknown</database>
	</source>
	<size>
		<width>375</width>
		<height>500</height>
		<depth>3</depth>
	</size>
	<segmented>0</segmented>
	<object>
		<name>person hardhat</name>
		<pose>Unspecified</pose>
		<truncated>1</truncated>
		<difficult>0</difficult>
		<bndbox>
			<xmin>7</xmin>
			<ymin>1</ymin>
			<xmax>374</xmax>
			<ymax>388</ymax>
		</bndbox>
	</object>
</annotation>
