<annotation verified="yes">
	<folder>hardhat-train</folder>
	<filename>2221892783_faed2c3000.jpg</filename>
	<path>E:\Development\Python\HardHatDetector\hardhat-train\2221892783_faed2c3000.jpg</path>
	<source>
		<database>Unknown</database>
	</source>
	<size>
		<width>333</width>
		<height>499</height>
		<depth>3</depth>
	</size>
	<segmented>0</segmented>
	<object>
		<name>person hardhat</name>
		<pose>Unspecified</pose>
		<truncated>0</truncated>
		<difficult>0</difficult>
		<bndbox>
			<xmin>33</xmin>
			<ymin>40</ymin>
			<xmax>98</xmax>
			<ymax>127</ymax>
		</bndbox>
	</object>
</annotation>
