<annotation verified="yes">
	<folder>hardhat-train</folder>
	<filename>2226893829_53ef26047f.jpg</filename>
	<path>E:\Development\Python\HardHatDetector\hardhat-train\2226893829_53ef26047f.jpg</path>
	<source>
		<database>Unknown</database>
	</source>
	<size>
		<width>320</width>
		<height>240</height>
		<depth>3</depth>
	</size>
	<segmented>0</segmented>
	<object>
		<name>person hardhat</name>
		<pose>Unspecified</pose>
		<truncated>0</truncated>
		<difficult>0</difficult>
		<bndbox>
			<xmin>172</xmin>
			<ymin>12</ymin>
			<xmax>245</xmax>
			<ymax>85</ymax>
		</bndbox>
	</object>
</annotation>
