<annotation verified="yes">
	<folder>hardhat-train</folder>
	<filename>2232217017_539a2e7448.jpg</filename>
	<path>E:\Development\Python\HardHatDetector\hardhat-train\2232217017_539a2e7448.jpg</path>
	<source>
		<database>Unknown</database>
	</source>
	<size>
		<width>500</width>
		<height>481</height>
		<depth>3</depth>
	</size>
	<segmented>0</segmented>
	<object>
		<name>person hardhat</name>
		<pose>Unspecified</pose>
		<truncated>0</truncated>
		<difficult>0</difficult>
		<bndbox>
			<xmin>289</xmin>
			<ymin>152</ymin>
			<xmax>300</xmax>
			<ymax>163</ymax>
		</bndbox>
	</object>
</annotation>
