<annotation verified="yes">
	<folder>hardhat-train</folder>
	<filename>2239794194_0830a308dd.jpg</filename>
	<path>E:\Development\Python\HardHatDetector\hardhat-train\2239794194_0830a308dd.jpg</path>
	<source>
		<database>Unknown</database>
	</source>
	<size>
		<width>375</width>
		<height>500</height>
		<depth>3</depth>
	</size>
	<segmented>0</segmented>
	<object>
		<name>person hardhat</name>
		<pose>Unspecified</pose>
		<truncated>0</truncated>
		<difficult>0</difficult>
		<bndbox>
			<xmin>161</xmin>
			<ymin>111</ymin>
			<xmax>241</xmax>
			<ymax>211</ymax>
		</bndbox>
	</object>
</annotation>
