<annotation verified="yes">
	<folder>hardhat-train</folder>
	<filename>224299051_70e566f1a7.jpg</filename>
	<path>E:\Development\Python\HardHatDetector\hardhat-train\224299051_70e566f1a7.jpg</path>
	<source>
		<database>Unknown</database>
	</source>
	<size>
		<width>384</width>
		<height>288</height>
		<depth>3</depth>
	</size>
	<segmented>0</segmented>
	<object>
		<name>person hardhat</name>
		<pose>Unspecified</pose>
		<truncated>0</truncated>
		<difficult>0</difficult>
		<bndbox>
			<xmin>144</xmin>
			<ymin>47</ymin>
			<xmax>213</xmax>
			<ymax>125</ymax>
		</bndbox>
	</object>
</annotation>
