<annotation verified="yes">
	<folder>hardhat-train</folder>
	<filename>2245446547_6bf8db17f9.jpg</filename>
	<path>E:\Development\Python\HardHatDetector\hardhat-train\2245446547_6bf8db17f9.jpg</path>
	<source>
		<database>Unknown</database>
	</source>
	<size>
		<width>375</width>
		<height>500</height>
		<depth>3</depth>
	</size>
	<segmented>0</segmented>
	<object>
		<name>person hardhat</name>
		<pose>Unspecified</pose>
		<truncated>0</truncated>
		<difficult>0</difficult>
		<bndbox>
			<xmin>163</xmin>
			<ymin>60</ymin>
			<xmax>201</xmax>
			<ymax>107</ymax>
		</bndbox>
	</object>
	<object>
		<name>person hardhat</name>
		<pose>Unspecified</pose>
		<truncated>0</truncated>
		<difficult>0</difficult>
		<bndbox>
			<xmin>69</xmin>
			<ymin>256</ymin>
			<xmax>125</xmax>
			<ymax>314</ymax>
		</bndbox>
	</object>
	<object>
		<name>person hardhat</name>
		<pose>Unspecified</pose>
		<truncated>0</truncated>
		<difficult>0</difficult>
		<bndbox>
			<xmin>70</xmin>
			<ymin>329</ymin>
			<xmax>146</xmax>
			<ymax>410</ymax>
		</bndbox>
	</object>
</annotation>
