<annotation verified="yes">
	<folder>hardhat-train</folder>
	<filename>2245469075_b0061b5c19.jpg</filename>
	<path>E:\Development\Python\HardHatDetector\hardhat-train\2245469075_b0061b5c19.jpg</path>
	<source>
		<database>Unknown</database>
	</source>
	<size>
		<width>500</width>
		<height>375</height>
		<depth>3</depth>
	</size>
	<segmented>0</segmented>
	<object>
		<name>person hardhat</name>
		<pose>Unspecified</pose>
		<truncated>0</truncated>
		<difficult>0</difficult>
		<bndbox>
			<xmin>260</xmin>
			<ymin>33</ymin>
			<xmax>296</xmax>
			<ymax>72</ymax>
		</bndbox>
	</object>
</annotation>
