<annotation>
	<folder>hardhat-train</folder>
	<filename>2245394977_a86aeb363b.jpg</filename>
	<path>E:\Development\Python\HardHatDetector\hardhat-train\2245394977_a86aeb363b.jpg</path>
	<source>
		<database>Unknown</database>
	</source>
	<size>
		<width>500</width>
		<height>375</height>
		<depth>3</depth>
	</size>
	<segmented>0</segmented>
	<object>
		<name>person hardhat</name>
		<pose>Unspecified</pose>
		<truncated>0</truncated>
		<difficult>0</difficult>
		<bndbox>
			<xmin>221</xmin>
			<ymin>119</ymin>
			<xmax>253</xmax>
			<ymax>160</ymax>
		</bndbox>
	</object>
	<object>
		<name>person hardhat</name>
		<pose>Unspecified</pose>
		<truncated>0</truncated>
		<difficult>0</difficult>
		<bndbox>
			<xmin>292</xmin>
			<ymin>146</ymin>
			<xmax>337</xmax>
			<ymax>193</ymax>
		</bndbox>
	</object>
	<object>
		<name>person hardhat</name>
		<pose>Unspecified</pose>
		<truncated>0</truncated>
		<difficult>0</difficult>
		<bndbox>
			<xmin>104</xmin>
			<ymin>131</ymin>
			<xmax>134</xmax>
			<ymax>158</ymax>
		</bndbox>
	</object>
</annotation>
