<annotation verified="yes">
	<folder>hardhat-train</folder>
	<filename>2245458447_5983174bb9.jpg</filename>
	<path>E:\Development\Python\HardHatDetector\hardhat-train\2245458447_5983174bb9.jpg</path>
	<source>
		<database>Unknown</database>
	</source>
	<size>
		<width>375</width>
		<height>500</height>
		<depth>3</depth>
	</size>
	<segmented>0</segmented>
	<object>
		<name>person hardhat</name>
		<pose>Unspecified</pose>
		<truncated>0</truncated>
		<difficult>0</difficult>
		<bndbox>
			<xmin>204</xmin>
			<ymin>83</ymin>
			<xmax>288</xmax>
			<ymax>163</ymax>
		</bndbox>
	</object>
</annotation>
