<annotation verified="yes">
	<folder>hardhat-train</folder>
	<filename>2246258756_d0534f5c6e.jpg</filename>
	<path>E:\Development\Python\HardHatDetector\hardhat-train\2246258756_d0534f5c6e.jpg</path>
	<source>
		<database>Unknown</database>
	</source>
	<size>
		<width>500</width>
		<height>375</height>
		<depth>3</depth>
	</size>
	<segmented>0</segmented>
	<object>
		<name>person hardhat</name>
		<pose>Unspecified</pose>
		<truncated>0</truncated>
		<difficult>0</difficult>
		<bndbox>
			<xmin>139</xmin>
			<ymin>177</ymin>
			<xmax>192</xmax>
			<ymax>233</ymax>
		</bndbox>
	</object>
	<object>
		<name>person hardhat</name>
		<pose>Unspecified</pose>
		<truncated>0</truncated>
		<difficult>0</difficult>
		<bndbox>
			<xmin>385</xmin>
			<ymin>183</ymin>
			<xmax>438</xmax>
			<ymax>244</ymax>
		</bndbox>
	</object>
</annotation>
