<annotation verified="yes">
	<folder>hardhat-train</folder>
	<filename>2246167212_ff39c4d699.jpg</filename>
	<path>E:\Development\Python\HardHatDetector\hardhat-train\2246167212_ff39c4d699.jpg</path>
	<source>
		<database>Unknown</database>
	</source>
	<size>
		<width>500</width>
		<height>375</height>
		<depth>3</depth>
	</size>
	<segmented>0</segmented>
	<object>
		<name>person hardhat</name>
		<pose>Unspecified</pose>
		<truncated>0</truncated>
		<difficult>0</difficult>
		<bndbox>
			<xmin>205</xmin>
			<ymin>103</ymin>
			<xmax>231</xmax>
			<ymax>126</ymax>
		</bndbox>
	</object>
	<object>
		<name>person hardhat</name>
		<pose>Unspecified</pose>
		<truncated>0</truncated>
		<difficult>0</difficult>
		<bndbox>
			<xmin>84</xmin>
			<ymin>101</ymin>
			<xmax>114</xmax>
			<ymax>129</ymax>
		</bndbox>
	</object>
</annotation>
