<annotation verified="yes">
	<folder>hardhat-train</folder>
	<filename>2263213338_4ea5be8fda.jpg</filename>
	<path>E:\Development\Python\HardHatDetector\hardhat-train\2263213338_4ea5be8fda.jpg</path>
	<source>
		<database>Unknown</database>
	</source>
	<size>
		<width>321</width>
		<height>480</height>
		<depth>3</depth>
	</size>
	<segmented>0</segmented>
	<object>
		<name>person hardhat</name>
		<pose>Unspecified</pose>
		<truncated>0</truncated>
		<difficult>0</difficult>
		<bndbox>
			<xmin>117</xmin>
			<ymin>31</ymin>
			<xmax>270</xmax>
			<ymax>156</ymax>
		</bndbox>
	</object>
</annotation>
