<annotation verified="yes">
	<folder>hardhat-train</folder>
	<filename>22639560_8edd3afe6f.jpg</filename>
	<path>E:\Development\Python\HardHatDetector\hardhat-train\22639560_8edd3afe6f.jpg</path>
	<source>
		<database>Unknown</database>
	</source>
	<size>
		<width>500</width>
		<height>370</height>
		<depth>3</depth>
	</size>
	<segmented>0</segmented>
	<object>
		<name>person hardhat</name>
		<pose>Unspecified</pose>
		<truncated>0</truncated>
		<difficult>0</difficult>
		<bndbox>
			<xmin>113</xmin>
			<ymin>75</ymin>
			<xmax>303</xmax>
			<ymax>245</ymax>
		</bndbox>
	</object>
	<object>
		<name>person hardhat</name>
		<pose>Unspecified</pose>
		<truncated>1</truncated>
		<difficult>0</difficult>
		<bndbox>
			<xmin>424</xmin>
			<ymin>34</ymin>
			<xmax>500</xmax>
			<ymax>157</ymax>
		</bndbox>
	</object>
</annotation>
