<annotation verified="yes">
	<folder>hardhat-train</folder>
	<filename>2263488682_54d2bc5dae.jpg</filename>
	<path>E:\Development\Python\HardHatDetector\hardhat-train\2263488682_54d2bc5dae.jpg</path>
	<source>
		<database>Unknown</database>
	</source>
	<size>
		<width>365</width>
		<height>500</height>
		<depth>3</depth>
	</size>
	<segmented>0</segmented>
	<object>
		<name>person hardhat</name>
		<pose>Unspecified</pose>
		<truncated>0</truncated>
		<difficult>0</difficult>
		<bndbox>
			<xmin>119</xmin>
			<ymin>89</ymin>
			<xmax>187</xmax>
			<ymax>168</ymax>
		</bndbox>
	</object>
	<object>
		<name>person hardhat</name>
		<pose>Unspecified</pose>
		<truncated>0</truncated>
		<difficult>0</difficult>
		<bndbox>
			<xmin>187</xmin>
			<ymin>104</ymin>
			<xmax>236</xmax>
			<ymax>164</ymax>
		</bndbox>
	</object>
</annotation>
