<annotation verified="yes">
	<folder>hardhat-train</folder>
	<filename>2265794619_874ab05f1e.jpg</filename>
	<path>E:\Development\Python\HardHatDetector\hardhat-train\2265794619_874ab05f1e.jpg</path>
	<source>
		<database>Unknown</database>
	</source>
	<size>
		<width>499</width>
		<height>333</height>
		<depth>3</depth>
	</size>
	<segmented>0</segmented>
	<object>
		<name>person hardhat</name>
		<pose>Unspecified</pose>
		<truncated>0</truncated>
		<difficult>0</difficult>
		<bndbox>
			<xmin>74</xmin>
			<ymin>27</ymin>
			<xmax>250</xmax>
			<ymax>212</ymax>
		</bndbox>
	</object>
</annotation>
