<annotation verified="yes">
	<folder>hardhat-train</folder>
	<filename>2270875153_7321e686f6.jpg</filename>
	<path>E:\Development\Python\HardHatDetector\hardhat-train\2270875153_7321e686f6.jpg</path>
	<source>
		<database>Unknown</database>
	</source>
	<size>
		<width>499</width>
		<height>333</height>
		<depth>3</depth>
	</size>
	<segmented>0</segmented>
	<object>
		<name>person hardhat</name>
		<pose>Unspecified</pose>
		<truncated>0</truncated>
		<difficult>0</difficult>
		<bndbox>
			<xmin>243</xmin>
			<ymin>107</ymin>
			<xmax>458</xmax>
			<ymax>307</ymax>
		</bndbox>
	</object>
</annotation>
