<annotation verified="yes">
	<folder>hardhat-train</folder>
	<filename>22739288_c25b1eb856.jpg</filename>
	<path>E:\Development\Python\HardHatDetector\hardhat-train\22739288_c25b1eb856.jpg</path>
	<source>
		<database>Unknown</database>
	</source>
	<size>
		<width>500</width>
		<height>451</height>
		<depth>3</depth>
	</size>
	<segmented>0</segmented>
	<object>
		<name>person hardhat</name>
		<pose>Unspecified</pose>
		<truncated>1</truncated>
		<difficult>0</difficult>
		<bndbox>
			<xmin>1</xmin>
			<ymin>39</ymin>
			<xmax>338</xmax>
			<ymax>364</ymax>
		</bndbox>
	</object>
</annotation>
