<annotation verified="yes">
	<folder>hardhat-train</folder>
	<filename>227661979_57e17c46ae.jpg</filename>
	<path>E:\Development\Python\HardHatDetector\hardhat-train\227661979_57e17c46ae.jpg</path>
	<source>
		<database>Unknown</database>
	</source>
	<size>
		<width>375</width>
		<height>500</height>
		<depth>3</depth>
	</size>
	<segmented>0</segmented>
	<object>
		<name>person hardhat</name>
		<pose>Unspecified</pose>
		<truncated>0</truncated>
		<difficult>0</difficult>
		<bndbox>
			<xmin>281</xmin>
			<ymin>3</ymin>
			<xmax>307</xmax>
			<ymax>31</ymax>
		</bndbox>
	</object>
</annotation>
