<annotation verified="yes">
	<folder>hardhat-train</folder>
	<filename>2277965452_427580bba3.jpg</filename>
	<path>E:\Development\Python\HardHatDetector\hardhat-train\2277965452_427580bba3.jpg</path>
	<source>
		<database>Unknown</database>
	</source>
	<size>
		<width>500</width>
		<height>386</height>
		<depth>3</depth>
	</size>
	<segmented>0</segmented>
	<object>
		<name>person hardhat</name>
		<pose>Unspecified</pose>
		<truncated>0</truncated>
		<difficult>0</difficult>
		<bndbox>
			<xmin>141</xmin>
			<ymin>119</ymin>
			<xmax>163</xmax>
			<ymax>144</ymax>
		</bndbox>
	</object>
	<object>
		<name>person hardhat</name>
		<pose>Unspecified</pose>
		<truncated>0</truncated>
		<difficult>0</difficult>
		<bndbox>
			<xmin>450</xmin>
			<ymin>182</ymin>
			<xmax>475</xmax>
			<ymax>208</ymax>
		</bndbox>
	</object>
</annotation>
