<annotation verified="yes">
	<folder>hardhat-train</folder>
	<filename>228798306_1ad6e1a891.jpg</filename>
	<path>E:\Development\Python\HardHatDetector\hardhat-train\228798306_1ad6e1a891.jpg</path>
	<source>
		<database>Unknown</database>
	</source>
	<size>
		<width>375</width>
		<height>500</height>
		<depth>3</depth>
	</size>
	<segmented>0</segmented>
	<object>
		<name>person hardhat</name>
		<pose>Unspecified</pose>
		<truncated>0</truncated>
		<difficult>0</difficult>
		<bndbox>
			<xmin>186</xmin>
			<ymin>197</ymin>
			<xmax>275</xmax>
			<ymax>295</ymax>
		</bndbox>
	</object>
</annotation>
