<annotation verified="yes">
	<folder>hardhat-train</folder>
	<filename>2291193660_b1521e90b7.jpg</filename>
	<path>E:\Development\Python\HardHatDetector\hardhat-train\2291193660_b1521e90b7.jpg</path>
	<source>
		<database>Unknown</database>
	</source>
	<size>
		<width>375</width>
		<height>500</height>
		<depth>3</depth>
	</size>
	<segmented>0</segmented>
	<object>
		<name>person hardhat</name>
		<pose>Unspecified</pose>
		<truncated>0</truncated>
		<difficult>0</difficult>
		<bndbox>
			<xmin>129</xmin>
			<ymin>72</ymin>
			<xmax>218</xmax>
			<ymax>181</ymax>
		</bndbox>
	</object>
</annotation>
