<annotation verified="yes">
	<folder>hardhat-train</folder>
	<filename>229533779_d86a79bc61.jpg</filename>
	<path>E:\Development\Python\HardHatDetector\hardhat-train\229533779_d86a79bc61.jpg</path>
	<source>
		<database>Unknown</database>
	</source>
	<size>
		<width>500</width>
		<height>333</height>
		<depth>3</depth>
	</size>
	<segmented>0</segmented>
	<object>
		<name>person hardhat</name>
		<pose>Unspecified</pose>
		<truncated>0</truncated>
		<difficult>0</difficult>
		<bndbox>
			<xmin>216</xmin>
			<ymin>16</ymin>
			<xmax>288</xmax>
			<ymax>102</ymax>
		</bndbox>
	</object>
</annotation>
