<annotation verified="yes">
	<folder>hardhat-train</folder>
	<filename>2296123675_08e6f78715.jpg</filename>
	<path>E:\Development\Python\HardHatDetector\hardhat-train\2296123675_08e6f78715.jpg</path>
	<source>
		<database>Unknown</database>
	</source>
	<size>
		<width>500</width>
		<height>489</height>
		<depth>3</depth>
	</size>
	<segmented>0</segmented>
	<object>
		<name>person hardhat</name>
		<pose>Unspecified</pose>
		<truncated>0</truncated>
		<difficult>0</difficult>
		<bndbox>
			<xmin>118</xmin>
			<ymin>235</ymin>
			<xmax>142</xmax>
			<ymax>253</ymax>
		</bndbox>
	</object>
</annotation>
