<annotation verified="yes">
	<folder>hardhat-train</folder>
	<filename>2296859258_4cc90ae42f.jpg</filename>
	<path>E:\Development\Python\HardHatDetector\hardhat-train\2296859258_4cc90ae42f.jpg</path>
	<source>
		<database>Unknown</database>
	</source>
	<size>
		<width>500</width>
		<height>331</height>
		<depth>3</depth>
	</size>
	<segmented>0</segmented>
	<object>
		<name>person hardhat</name>
		<pose>Unspecified</pose>
		<truncated>1</truncated>
		<difficult>0</difficult>
		<bndbox>
			<xmin>89</xmin>
			<ymin>7</ymin>
			<xmax>429</xmax>
			<ymax>331</ymax>
		</bndbox>
	</object>
</annotation>
