<annotation verified="yes">
	<folder>hardhat-train</folder>
	<filename>2308388357_cab22b3405.jpg</filename>
	<path>E:\Development\Python\HardHatDetector\hardhat-train\2308388357_cab22b3405.jpg</path>
	<source>
		<database>Unknown</database>
	</source>
	<size>
		<width>500</width>
		<height>358</height>
		<depth>3</depth>
	</size>
	<segmented>0</segmented>
	<object>
		<name>person hardhat</name>
		<pose>Unspecified</pose>
		<truncated>0</truncated>
		<difficult>0</difficult>
		<bndbox>
			<xmin>201</xmin>
			<ymin>82</ymin>
			<xmax>256</xmax>
			<ymax>150</ymax>
		</bndbox>
	</object>
	<object>
		<name>person hardhat</name>
		<pose>Unspecified</pose>
		<truncated>0</truncated>
		<difficult>0</difficult>
		<bndbox>
			<xmin>262</xmin>
			<ymin>51</ymin>
			<xmax>319</xmax>
			<ymax>127</ymax>
		</bndbox>
	</object>
</annotation>
