<annotation verified="yes">
	<folder>hardhat-train</folder>
	<filename>2317691919_2718918d83.jpg</filename>
	<path>E:\Development\Python\HardHatDetector\hardhat-train\2317691919_2718918d83.jpg</path>
	<source>
		<database>Unknown</database>
	</source>
	<size>
		<width>500</width>
		<height>375</height>
		<depth>3</depth>
	</size>
	<segmented>0</segmented>
	<object>
		<name>person hardhat</name>
		<pose>Unspecified</pose>
		<truncated>0</truncated>
		<difficult>0</difficult>
		<bndbox>
			<xmin>214</xmin>
			<ymin>173</ymin>
			<xmax>233</xmax>
			<ymax>198</ymax>
		</bndbox>
	</object>
</annotation>
