<annotation>
	<folder>hardhat-train</folder>
	<filename>2320474196_c47d439732.jpg</filename>
	<path>E:\Development\Python\HardHatDetector\hardhat-train\2320474196_c47d439732.jpg</path>
	<source>
		<database>Unknown</database>
	</source>
	<size>
		<width>499</width>
		<height>333</height>
		<depth>3</depth>
	</size>
	<segmented>0</segmented>
	<object>
		<name>person hardhat</name>
		<pose>Unspecified</pose>
		<truncated>1</truncated>
		<difficult>0</difficult>
		<bndbox>
			<xmin>15</xmin>
			<ymin>1</ymin>
			<xmax>476</xmax>
			<ymax>333</ymax>
		</bndbox>
	</object>
</annotation>
