<annotation verified="yes">
	<folder>hardhat-train</folder>
	<filename>2320971872_99d5d8ac25.jpg</filename>
	<path>E:\Development\Python\HardHatDetector\hardhat-train\2320971872_99d5d8ac25.jpg</path>
	<source>
		<database>Unknown</database>
	</source>
	<size>
		<width>500</width>
		<height>375</height>
		<depth>3</depth>
	</size>
	<segmented>0</segmented>
	<object>
		<name>person hardhat</name>
		<pose>Unspecified</pose>
		<truncated>0</truncated>
		<difficult>0</difficult>
		<bndbox>
			<xmin>221</xmin>
			<ymin>106</ymin>
			<xmax>290</xmax>
			<ymax>188</ymax>
		</bndbox>
	</object>
</annotation>
