<annotation verified="yes">
	<folder>hardhat-train</folder>
	<filename>2335231645_ab5e36cc2f.jpg</filename>
	<path>E:\Development\Python\HardHatDetector\hardhat-train\2335231645_ab5e36cc2f.jpg</path>
	<source>
		<database>Unknown</database>
	</source>
	<size>
		<width>333</width>
		<height>500</height>
		<depth>3</depth>
	</size>
	<segmented>0</segmented>
	<object>
		<name>person hardhat</name>
		<pose>Unspecified</pose>
		<truncated>0</truncated>
		<difficult>0</difficult>
		<bndbox>
			<xmin>74</xmin>
			<ymin>17</ymin>
			<xmax>167</xmax>
			<ymax>142</ymax>
		</bndbox>
	</object>
</annotation>
