<annotation verified="yes">
	<folder>hardhat-train</folder>
	<filename>2335485762_cf514935a1.jpg</filename>
	<path>E:\Development\Python\HardHatDetector\hardhat-train\2335485762_cf514935a1.jpg</path>
	<source>
		<database>Unknown</database>
	</source>
	<size>
		<width>500</width>
		<height>447</height>
		<depth>3</depth>
	</size>
	<segmented>0</segmented>
	<object>
		<name>person hardhat</name>
		<pose>Unspecified</pose>
		<truncated>0</truncated>
		<difficult>0</difficult>
		<bndbox>
			<xmin>74</xmin>
			<ymin>32</ymin>
			<xmax>222</xmax>
			<ymax>176</ymax>
		</bndbox>
	</object>
</annotation>
