<annotation verified="yes">
	<folder>hardhat-train</folder>
	<filename>2336248326_5e38c6f9bb.jpg</filename>
	<path>E:\Development\Python\HardHatDetector\hardhat-train\2336248326_5e38c6f9bb.jpg</path>
	<source>
		<database>Unknown</database>
	</source>
	<size>
		<width>500</width>
		<height>375</height>
		<depth>3</depth>
	</size>
	<segmented>0</segmented>
	<object>
		<name>person hardhat</name>
		<pose>Unspecified</pose>
		<truncated>0</truncated>
		<difficult>0</difficult>
		<bndbox>
			<xmin>103</xmin>
			<ymin>143</ymin>
			<xmax>132</xmax>
			<ymax>174</ymax>
		</bndbox>
	</object>
	<object>
		<name>person hardhat</name>
		<pose>Unspecified</pose>
		<truncated>0</truncated>
		<difficult>0</difficult>
		<bndbox>
			<xmin>180</xmin>
			<ymin>153</ymin>
			<xmax>210</xmax>
			<ymax>182</ymax>
		</bndbox>
	</object>
</annotation>
