<annotation verified="yes">
	<folder>hardhat-train</folder>
	<filename>2336674146_71fa578fb5.jpg</filename>
	<path>E:\Development\Python\HardHatDetector\hardhat-train\2336674146_71fa578fb5.jpg</path>
	<source>
		<database>Unknown</database>
	</source>
	<size>
		<width>500</width>
		<height>391</height>
		<depth>1</depth>
	</size>
	<segmented>0</segmented>
	<object>
		<name>person hardhat</name>
		<pose>Unspecified</pose>
		<truncated>0</truncated>
		<difficult>0</difficult>
		<bndbox>
			<xmin>39</xmin>
			<ymin>94</ymin>
			<xmax>96</xmax>
			<ymax>165</ymax>
		</bndbox>
	</object>
</annotation>
