<annotation verified="yes">
	<folder>hardhat-train</folder>
	<filename>2339132_7ec6362b54.jpg</filename>
	<path>E:\Development\Python\HardHatDetector\hardhat-train\2339132_7ec6362b54.jpg</path>
	<source>
		<database>Unknown</database>
	</source>
	<size>
		<width>181</width>
		<height>240</height>
		<depth>3</depth>
	</size>
	<segmented>0</segmented>
	<object>
		<name>person hardhat</name>
		<pose>Unspecified</pose>
		<truncated>0</truncated>
		<difficult>0</difficult>
		<bndbox>
			<xmin>52</xmin>
			<ymin>33</ymin>
			<xmax>149</xmax>
			<ymax>176</ymax>
		</bndbox>
	</object>
</annotation>
