<annotation verified="yes">
	<folder>hardhat-train</folder>
	<filename>2343803908_09f9d93128.jpg</filename>
	<path>E:\Development\Python\HardHatDetector\hardhat-train\2343803908_09f9d93128.jpg</path>
	<source>
		<database>Unknown</database>
	</source>
	<size>
		<width>499</width>
		<height>333</height>
		<depth>3</depth>
	</size>
	<segmented>0</segmented>
	<object>
		<name>person hardhat</name>
		<pose>Unspecified</pose>
		<truncated>0</truncated>
		<difficult>0</difficult>
		<bndbox>
			<xmin>276</xmin>
			<ymin>99</ymin>
			<xmax>315</xmax>
			<ymax>159</ymax>
		</bndbox>
	</object>
</annotation>
