<annotation verified="yes">
	<folder>hardhat-train</folder>
	<filename>2351257258_5536ee100e.jpg</filename>
	<path>E:\Development\Python\HardHatDetector\hardhat-train\2351257258_5536ee100e.jpg</path>
	<source>
		<database>Unknown</database>
	</source>
	<size>
		<width>500</width>
		<height>333</height>
		<depth>3</depth>
	</size>
	<segmented>0</segmented>
	<object>
		<name>person hardhat</name>
		<pose>Unspecified</pose>
		<truncated>1</truncated>
		<difficult>0</difficult>
		<bndbox>
			<xmin>26</xmin>
			<ymin>1</ymin>
			<xmax>334</xmax>
			<ymax>291</ymax>
		</bndbox>
	</object>
</annotation>
