<annotation verified="yes">
	<folder>hardhat-train</folder>
	<filename>2351071440_34cab13965.jpg</filename>
	<path>E:\Development\Python\HardHatDetector\hardhat-train\2351071440_34cab13965.jpg</path>
	<source>
		<database>Unknown</database>
	</source>
	<size>
		<width>500</width>
		<height>376</height>
		<depth>3</depth>
	</size>
	<segmented>0</segmented>
	<object>
		<name>person hardhat</name>
		<pose>Unspecified</pose>
		<truncated>0</truncated>
		<difficult>0</difficult>
		<bndbox>
			<xmin>166</xmin>
			<ymin>38</ymin>
			<xmax>312</xmax>
			<ymax>228</ymax>
		</bndbox>
	</object>
	<object>
		<name>person hardhat</name>
		<pose>Unspecified</pose>
		<truncated>0</truncated>
		<difficult>0</difficult>
		<bndbox>
			<xmin>69</xmin>
			<ymin>91</ymin>
			<xmax>97</xmax>
			<ymax>124</ymax>
		</bndbox>
	</object>
</annotation>
