<annotation verified="yes">
	<folder>hardhat-train</folder>
	<filename>235980938_1fea328304.jpg</filename>
	<path>E:\Development\Python\HardHatDetector\hardhat-train\235980938_1fea328304.jpg</path>
	<source>
		<database>Unknown</database>
	</source>
	<size>
		<width>333</width>
		<height>500</height>
		<depth>3</depth>
	</size>
	<segmented>0</segmented>
	<object>
		<name>person hardhat</name>
		<pose>Unspecified</pose>
		<truncated>0</truncated>
		<difficult>0</difficult>
		<bndbox>
			<xmin>22</xmin>
			<ymin>31</ymin>
			<xmax>202</xmax>
			<ymax>214</ymax>
		</bndbox>
	</object>
</annotation>
