<annotation>
	<folder>hardhat-train</folder>
	<filename>235980770_e827f5dff5.jpg</filename>
	<path>E:\Development\Python\HardHatDetector\hardhat-train\235980770_e827f5dff5.jpg</path>
	<source>
		<database>Unknown</database>
	</source>
	<size>
		<width>500</width>
		<height>333</height>
		<depth>3</depth>
	</size>
	<segmented>0</segmented>
	<object>
		<name>person hardhat</name>
		<pose>Unspecified</pose>
		<truncated>0</truncated>
		<difficult>0</difficult>
		<bndbox>
			<xmin>309</xmin>
			<ymin>28</ymin>
			<xmax>470</xmax>
			<ymax>185</ymax>
		</bndbox>
	</object>
</annotation>
