<annotation verified="yes">
	<folder>hardhat-train</folder>
	<filename>235981003_21ff22fa74.jpg</filename>
	<path>E:\Development\Python\HardHatDetector\hardhat-train\235981003_21ff22fa74.jpg</path>
	<source>
		<database>Unknown</database>
	</source>
	<size>
		<width>500</width>
		<height>333</height>
		<depth>3</depth>
	</size>
	<segmented>0</segmented>
	<object>
		<name>person hardhat</name>
		<pose>Unspecified</pose>
		<truncated>1</truncated>
		<difficult>0</difficult>
		<bndbox>
			<xmin>243</xmin>
			<ymin>1</ymin>
			<xmax>336</xmax>
			<ymax>75</ymax>
		</bndbox>
	</object>
</annotation>
