<annotation verified="yes">
	<folder>hardhat-train</folder>
	<filename>235981200_09f3ef5d6f.jpg</filename>
	<path>E:\Development\Python\HardHatDetector\hardhat-train\235981200_09f3ef5d6f.jpg</path>
	<source>
		<database>Unknown</database>
	</source>
	<size>
		<width>333</width>
		<height>500</height>
		<depth>3</depth>
	</size>
	<segmented>0</segmented>
	<object>
		<name>person hardhat</name>
		<pose>Unspecified</pose>
		<truncated>0</truncated>
		<difficult>0</difficult>
		<bndbox>
			<xmin>191</xmin>
			<ymin>84</ymin>
			<xmax>286</xmax>
			<ymax>200</ymax>
		</bndbox>
	</object>
</annotation>
