<annotation>
	<folder>hardhat-train</folder>
	<filename>235980786_91363f5e86.jpg</filename>
	<path>E:\Development\Python\HardHatDetector\hardhat-train\235980786_91363f5e86.jpg</path>
	<source>
		<database>Unknown</database>
	</source>
	<size>
		<width>500</width>
		<height>333</height>
		<depth>3</depth>
	</size>
	<segmented>0</segmented>
	<object>
		<name>person hardhat</name>
		<pose>Unspecified</pose>
		<truncated>0</truncated>
		<difficult>0</difficult>
		<bndbox>
			<xmin>146</xmin>
			<ymin>92</ymin>
			<xmax>188</xmax>
			<ymax>137</ymax>
		</bndbox>
	</object>
	<object>
		<name>person hardhat</name>
		<pose>Unspecified</pose>
		<truncated>0</truncated>
		<difficult>0</difficult>
		<bndbox>
			<xmin>191</xmin>
			<ymin>113</ymin>
			<xmax>218</xmax>
			<ymax>146</ymax>
		</bndbox>
	</object>
	<object>
		<name>person hardhat</name>
		<pose>Unspecified</pose>
		<truncated>0</truncated>
		<difficult>0</difficult>
		<bndbox>
			<xmin>227</xmin>
			<ymin>134</ymin>
			<xmax>248</xmax>
			<ymax>152</ymax>
		</bndbox>
	</object>
	<object>
		<name>person hardhat</name>
		<pose>Unspecified</pose>
		<truncated>0</truncated>
		<difficult>0</difficult>
		<bndbox>
			<xmin>251</xmin>
			<ymin>139</ymin>
			<xmax>264</xmax>
			<ymax>152</ymax>
		</bndbox>
	</object>
</annotation>
