<annotation verified="yes">
	<folder>hardhat-train</folder>
	<filename>236317178_677f65bb4e.jpg</filename>
	<path>E:\Development\Python\HardHatDetector\hardhat-train\236317178_677f65bb4e.jpg</path>
	<source>
		<database>Unknown</database>
	</source>
	<size>
		<width>500</width>
		<height>375</height>
		<depth>3</depth>
	</size>
	<segmented>0</segmented>
	<object>
		<name>person hardhat</name>
		<pose>Unspecified</pose>
		<truncated>1</truncated>
		<difficult>0</difficult>
		<bndbox>
			<xmin>360</xmin>
			<ymin>1</ymin>
			<xmax>395</xmax>
			<ymax>46</ymax>
		</bndbox>
	</object>
	<object>
		<name>person hardhat</name>
		<pose>Unspecified</pose>
		<truncated>0</truncated>
		<difficult>0</difficult>
		<bndbox>
			<xmin>211</xmin>
			<ymin>328</ymin>
			<xmax>238</xmax>
			<ymax>358</ymax>
		</bndbox>
	</object>
</annotation>
