<annotation verified="yes">
	<folder>hardhat-train</folder>
	<filename>2367357412_5de4849dc7.jpg</filename>
	<path>E:\Development\Python\HardHatDetector\hardhat-train\2367357412_5de4849dc7.jpg</path>
	<source>
		<database>Unknown</database>
	</source>
	<size>
		<width>375</width>
		<height>500</height>
		<depth>3</depth>
	</size>
	<segmented>0</segmented>
	<object>
		<name>person hardhat</name>
		<pose>Unspecified</pose>
		<truncated>0</truncated>
		<difficult>0</difficult>
		<bndbox>
			<xmin>114</xmin>
			<ymin>45</ymin>
			<xmax>227</xmax>
			<ymax>190</ymax>
		</bndbox>
	</object>
</annotation>
