<annotation verified="yes">
	<folder>hardhat-train</folder>
	<filename>2372025711_0d31899aa6.jpg</filename>
	<path>E:\Development\Python\HardHatDetector\hardhat-train\2372025711_0d31899aa6.jpg</path>
	<source>
		<database>Unknown</database>
	</source>
	<size>
		<width>500</width>
		<height>375</height>
		<depth>3</depth>
	</size>
	<segmented>0</segmented>
	<object>
		<name>person hardhat</name>
		<pose>Unspecified</pose>
		<truncated>0</truncated>
		<difficult>0</difficult>
		<bndbox>
			<xmin>172</xmin>
			<ymin>58</ymin>
			<xmax>255</xmax>
			<ymax>157</ymax>
		</bndbox>
	</object>
	<object>
		<name>person hardhat</name>
		<pose>Unspecified</pose>
		<truncated>0</truncated>
		<difficult>0</difficult>
		<bndbox>
			<xmin>271</xmin>
			<ymin>64</ymin>
			<xmax>350</xmax>
			<ymax>164</ymax>
		</bndbox>
	</object>
</annotation>
