<annotation verified="yes">
	<folder>hardhat-train</folder>
	<filename>2373765597_39b47c5ceb.jpg</filename>
	<path>E:\Development\Python\HardHatDetector\hardhat-train\2373765597_39b47c5ceb.jpg</path>
	<source>
		<database>Unknown</database>
	</source>
	<size>
		<width>499</width>
		<height>333</height>
		<depth>3</depth>
	</size>
	<segmented>0</segmented>
	<object>
		<name>person hardhat</name>
		<pose>Unspecified</pose>
		<truncated>1</truncated>
		<difficult>0</difficult>
		<bndbox>
			<xmin>110</xmin>
			<ymin>1</ymin>
			<xmax>358</xmax>
			<ymax>289</ymax>
		</bndbox>
	</object>
</annotation>
