<annotation verified="yes">
	<folder>hardhat-train</folder>
	<filename>239599664_52dce2af1c.jpg</filename>
	<path>E:\Development\Python\HardHatDetector\hardhat-train\239599664_52dce2af1c.jpg</path>
	<source>
		<database>Unknown</database>
	</source>
	<size>
		<width>374</width>
		<height>500</height>
		<depth>3</depth>
	</size>
	<segmented>0</segmented>
	<object>
		<name>person hardhat</name>
		<pose>Unspecified</pose>
		<truncated>0</truncated>
		<difficult>0</difficult>
		<bndbox>
			<xmin>127</xmin>
			<ymin>22</ymin>
			<xmax>267</xmax>
			<ymax>208</ymax>
		</bndbox>
	</object>
</annotation>
