<annotation verified="yes">
	<folder>hardhat-train</folder>
	<filename>24130933_d617106f51.jpg</filename>
	<path>E:\Development\Python\HardHatDetector\hardhat-train\24130933_d617106f51.jpg</path>
	<source>
		<database>Unknown</database>
	</source>
	<size>
		<width>450</width>
		<height>338</height>
		<depth>3</depth>
	</size>
	<segmented>0</segmented>
	<object>
		<name>person hardhat</name>
		<pose>Unspecified</pose>
		<truncated>0</truncated>
		<difficult>0</difficult>
		<bndbox>
			<xmin>244</xmin>
			<ymin>72</ymin>
			<xmax>325</xmax>
			<ymax>181</ymax>
		</bndbox>
	</object>
</annotation>
