<annotation verified="yes">
	<folder>hardhat-train</folder>
	<filename>2419610406_cde0d38aa1.jpg</filename>
	<path>E:\Development\Python\HardHatDetector\hardhat-train\2419610406_cde0d38aa1.jpg</path>
	<source>
		<database>Unknown</database>
	</source>
	<size>
		<width>500</width>
		<height>375</height>
		<depth>3</depth>
	</size>
	<segmented>0</segmented>
	<object>
		<name>person hardhat</name>
		<pose>Unspecified</pose>
		<truncated>0</truncated>
		<difficult>0</difficult>
		<bndbox>
			<xmin>154</xmin>
			<ymin>128</ymin>
			<xmax>215</xmax>
			<ymax>211</ymax>
		</bndbox>
	</object>
	<object>
		<name>person hardhat</name>
		<pose>Unspecified</pose>
		<truncated>0</truncated>
		<difficult>0</difficult>
		<bndbox>
			<xmin>243</xmin>
			<ymin>136</ymin>
			<xmax>305</xmax>
			<ymax>215</ymax>
		</bndbox>
	</object>
</annotation>
