<annotation verified="yes">
	<folder>hardhat-train</folder>
	<filename>2423937824_b9c89fc0d6.jpg</filename>
	<path>E:\Development\Python\HardHatDetector\hardhat-train\2423937824_b9c89fc0d6.jpg</path>
	<source>
		<database>Unknown</database>
	</source>
	<size>
		<width>499</width>
		<height>332</height>
		<depth>3</depth>
	</size>
	<segmented>0</segmented>
	<object>
		<name>person hardhat</name>
		<pose>Unspecified</pose>
		<truncated>0</truncated>
		<difficult>0</difficult>
		<bndbox>
			<xmin>81</xmin>
			<ymin>26</ymin>
			<xmax>147</xmax>
			<ymax>93</ymax>
		</bndbox>
	</object>
</annotation>
