<annotation verified="yes">
	<folder>hardhat-train</folder>
	<filename>2434154189_c675637bba.jpg</filename>
	<path>E:\Development\Python\HardHatDetector\hardhat-train\2434154189_c675637bba.jpg</path>
	<source>
		<database>Unknown</database>
	</source>
	<size>
		<width>499</width>
		<height>333</height>
		<depth>3</depth>
	</size>
	<segmented>0</segmented>
	<object>
		<name>person hardhat</name>
		<pose>Unspecified</pose>
		<truncated>0</truncated>
		<difficult>0</difficult>
		<bndbox>
			<xmin>162</xmin>
			<ymin>53</ymin>
			<xmax>344</xmax>
			<ymax>258</ymax>
		</bndbox>
	</object>
</annotation>
