<annotation verified="yes">
	<folder>hardhat-train</folder>
	<filename>2434143681_306c41908f.jpg</filename>
	<path>E:\Development\Python\HardHatDetector\hardhat-train\2434143681_306c41908f.jpg</path>
	<source>
		<database>Unknown</database>
	</source>
	<size>
		<width>499</width>
		<height>333</height>
		<depth>3</depth>
	</size>
	<segmented>0</segmented>
	<object>
		<name>person hardhat</name>
		<pose>Unspecified</pose>
		<truncated>0</truncated>
		<difficult>0</difficult>
		<bndbox>
			<xmin>171</xmin>
			<ymin>36</ymin>
			<xmax>334</xmax>
			<ymax>215</ymax>
		</bndbox>
	</object>
</annotation>
