<annotation verified="yes">
	<folder>hardhat-train</folder>
	<filename>243517002_ea5cd5fd3c.jpg</filename>
	<path>E:\Development\Python\HardHatDetector\hardhat-train\243517002_ea5cd5fd3c.jpg</path>
	<source>
		<database>Unknown</database>
	</source>
	<size>
		<width>500</width>
		<height>375</height>
		<depth>3</depth>
	</size>
	<segmented>0</segmented>
	<object>
		<name>person hardhat</name>
		<pose>Unspecified</pose>
		<truncated>0</truncated>
		<difficult>0</difficult>
		<bndbox>
			<xmin>228</xmin>
			<ymin>47</ymin>
			<xmax>422</xmax>
			<ymax>280</ymax>
		</bndbox>
	</object>
</annotation>
