<annotation verified="yes">
	<folder>hardhat-train</folder>
	<filename>2439050508_c9a853c7d0.jpg</filename>
	<path>E:\Development\Python\HardHatDetector\hardhat-train\2439050508_c9a853c7d0.jpg</path>
	<source>
		<database>Unknown</database>
	</source>
	<size>
		<width>500</width>
		<height>375</height>
		<depth>3</depth>
	</size>
	<segmented>0</segmented>
	<object>
		<name>person hardhat</name>
		<pose>Unspecified</pose>
		<truncated>0</truncated>
		<difficult>0</difficult>
		<bndbox>
			<xmin>289</xmin>
			<ymin>113</ymin>
			<xmax>388</xmax>
			<ymax>246</ymax>
		</bndbox>
	</object>
</annotation>
