<annotation verified="yes">
	<folder>hardhat-train</folder>
	<filename>2450275335_9a1500ea1b.jpg</filename>
	<path>E:\Development\Python\HardHatDetector\hardhat-train\2450275335_9a1500ea1b.jpg</path>
	<source>
		<database>Unknown</database>
	</source>
	<size>
		<width>331</width>
		<height>499</height>
		<depth>3</depth>
	</size>
	<segmented>0</segmented>
	<object>
		<name>person hardhat</name>
		<pose>Unspecified</pose>
		<truncated>0</truncated>
		<difficult>0</difficult>
		<bndbox>
			<xmin>219</xmin>
			<ymin>106</ymin>
			<xmax>279</xmax>
			<ymax>178</ymax>
		</bndbox>
	</object>
</annotation>
