<annotation verified="yes">
	<folder>hardhat-train</folder>
	<filename>2451060202_63ac9b236e.jpg</filename>
	<path>E:\Development\Python\HardHatDetector\hardhat-train\2451060202_63ac9b236e.jpg</path>
	<source>
		<database>Unknown</database>
	</source>
	<size>
		<width>287</width>
		<height>499</height>
		<depth>3</depth>
	</size>
	<segmented>0</segmented>
	<object>
		<name>person hardhat</name>
		<pose>Unspecified</pose>
		<truncated>0</truncated>
		<difficult>0</difficult>
		<bndbox>
			<xmin>114</xmin>
			<ymin>140</ymin>
			<xmax>159</xmax>
			<ymax>207</ymax>
		</bndbox>
	</object>
</annotation>
