<annotation verified="yes">
	<folder>hardhat-train</folder>
	<filename>2451100962_82880b2f00.jpg</filename>
	<path>E:\Development\Python\HardHatDetector\hardhat-train\2451100962_82880b2f00.jpg</path>
	<source>
		<database>Unknown</database>
	</source>
	<size>
		<width>500</width>
		<height>283</height>
		<depth>3</depth>
	</size>
	<segmented>0</segmented>
	<object>
		<name>person hardhat</name>
		<pose>Unspecified</pose>
		<truncated>0</truncated>
		<difficult>0</difficult>
		<bndbox>
			<xmin>371</xmin>
			<ymin>60</ymin>
			<xmax>429</xmax>
			<ymax>124</ymax>
		</bndbox>
	</object>
</annotation>
