<annotation verified="yes">
	<folder>hardhat-train</folder>
	<filename>2459829656_0259f5ebc4.jpg</filename>
	<path>E:\Development\Python\HardHatDetector\hardhat-train\2459829656_0259f5ebc4.jpg</path>
	<source>
		<database>Unknown</database>
	</source>
	<size>
		<width>412</width>
		<height>500</height>
		<depth>3</depth>
	</size>
	<segmented>0</segmented>
	<object>
		<name>person hardhat</name>
		<pose>Unspecified</pose>
		<truncated>1</truncated>
		<difficult>0</difficult>
		<bndbox>
			<xmin>51</xmin>
			<ymin>1</ymin>
			<xmax>411</xmax>
			<ymax>351</ymax>
		</bndbox>
	</object>
</annotation>
