<annotation>
	<folder>hardhat-train</folder>
	<filename>2461179562_65d4be32c1.jpg</filename>
	<path>E:\Development\Python\HardHatDetector\hardhat-train\2461179562_65d4be32c1.jpg</path>
	<source>
		<database>Unknown</database>
	</source>
	<size>
		<width>321</width>
		<height>480</height>
		<depth>3</depth>
	</size>
	<segmented>0</segmented>
	<object>
		<name>person hardhat</name>
		<pose>Unspecified</pose>
		<truncated>0</truncated>
		<difficult>0</difficult>
		<bndbox>
			<xmin>67</xmin>
			<ymin>5</ymin>
			<xmax>198</xmax>
			<ymax>149</ymax>
		</bndbox>
	</object>
</annotation>
