<annotation verified="yes">
	<folder>hardhat-train</folder>
	<filename>2465975530_49cefb3d6f.jpg</filename>
	<path>E:\Development\Python\HardHatDetector\hardhat-train\2465975530_49cefb3d6f.jpg</path>
	<source>
		<database>Unknown</database>
	</source>
	<size>
		<width>500</width>
		<height>334</height>
		<depth>3</depth>
	</size>
	<segmented>0</segmented>
	<object>
		<name>person hardhat</name>
		<pose>Unspecified</pose>
		<truncated>0</truncated>
		<difficult>0</difficult>
		<bndbox>
			<xmin>96</xmin>
			<ymin>12</ymin>
			<xmax>358</xmax>
			<ymax>296</ymax>
		</bndbox>
	</object>
</annotation>
