<annotation verified="yes">
	<folder>hardhat-train</folder>
	<filename>2473370375_388c03347d.jpg</filename>
	<path>E:\Development\Python\HardHatDetector\hardhat-train\2473370375_388c03347d.jpg</path>
	<source>
		<database>Unknown</database>
	</source>
	<size>
		<width>375</width>
		<height>500</height>
		<depth>3</depth>
	</size>
	<segmented>0</segmented>
	<object>
		<name>person hardhat</name>
		<pose>Unspecified</pose>
		<truncated>1</truncated>
		<difficult>0</difficult>
		<bndbox>
			<xmin>98</xmin>
			<ymin>1</ymin>
			<xmax>228</xmax>
			<ymax>151</ymax>
		</bndbox>
	</object>
</annotation>
