<annotation verified="yes">
	<folder>hardhat-train</folder>
	<filename>2482361630_4370113657.jpg</filename>
	<path>E:\Development\Python\HardHatDetector\hardhat-train\2482361630_4370113657.jpg</path>
	<source>
		<database>Unknown</database>
	</source>
	<size>
		<width>319</width>
		<height>500</height>
		<depth>3</depth>
	</size>
	<segmented>0</segmented>
	<object>
		<name>person hardhat</name>
		<pose>Unspecified</pose>
		<truncated>0</truncated>
		<difficult>0</difficult>
		<bndbox>
			<xmin>196</xmin>
			<ymin>254</ymin>
			<xmax>249</xmax>
			<ymax>310</ymax>
		</bndbox>
	</object>
</annotation>
