<annotation verified="yes">
	<folder>hardhat-train</folder>
	<filename>2488508234_d64cbb9958.jpg</filename>
	<path>E:\Development\Python\HardHatDetector\hardhat-train\2488508234_d64cbb9958.jpg</path>
	<source>
		<database>Unknown</database>
	</source>
	<size>
		<width>499</width>
		<height>333</height>
		<depth>3</depth>
	</size>
	<segmented>0</segmented>
	<object>
		<name>person hardhat</name>
		<pose>Unspecified</pose>
		<truncated>0</truncated>
		<difficult>0</difficult>
		<bndbox>
			<xmin>384</xmin>
			<ymin>56</ymin>
			<xmax>446</xmax>
			<ymax>140</ymax>
		</bndbox>
	</object>
	<object>
		<name>person hardhat</name>
		<pose>Unspecified</pose>
		<truncated>0</truncated>
		<difficult>0</difficult>
		<bndbox>
			<xmin>78</xmin>
			<ymin>117</ymin>
			<xmax>131</xmax>
			<ymax>189</ymax>
		</bndbox>
	</object>
</annotation>
