<annotation verified="yes">
	<folder>hardhat-train</folder>
	<filename>2493399693_4219f66cfb.jpg</filename>
	<path>E:\Development\Python\HardHatDetector\hardhat-train\2493399693_4219f66cfb.jpg</path>
	<source>
		<database>Unknown</database>
	</source>
	<size>
		<width>500</width>
		<height>375</height>
		<depth>3</depth>
	</size>
	<segmented>0</segmented>
	<object>
		<name>person hardhat</name>
		<pose>Unspecified</pose>
		<truncated>0</truncated>
		<difficult>0</difficult>
		<bndbox>
			<xmin>167</xmin>
			<ymin>43</ymin>
			<xmax>240</xmax>
			<ymax>149</ymax>
		</bndbox>
	</object>
	<object>
		<name>person hardhat</name>
		<pose>Unspecified</pose>
		<truncated>0</truncated>
		<difficult>0</difficult>
		<bndbox>
			<xmin>284</xmin>
			<ymin>64</ymin>
			<xmax>386</xmax>
			<ymax>172</ymax>
		</bndbox>
	</object>
</annotation>
