<annotation verified="yes">
	<folder>hardhat-train</folder>
	<filename>2506910004_9daff8291b.jpg</filename>
	<path>E:\Development\Python\HardHatDetector\hardhat-train\2506910004_9daff8291b.jpg</path>
	<source>
		<database>Unknown</database>
	</source>
	<size>
		<width>304</width>
		<height>500</height>
		<depth>3</depth>
	</size>
	<segmented>0</segmented>
	<object>
		<name>person hardhat</name>
		<pose>Unspecified</pose>
		<truncated>0</truncated>
		<difficult>0</difficult>
		<bndbox>
			<xmin>67</xmin>
			<ymin>280</ymin>
			<xmax>91</xmax>
			<ymax>306</ymax>
		</bndbox>
	</object>
</annotation>
