<annotation verified="yes">
	<folder>hardhat-train</folder>
	<filename>256321204_3aef69d8c2.jpg</filename>
	<path>E:\Development\Python\HardHatDetector\hardhat-train\256321204_3aef69d8c2.jpg</path>
	<source>
		<database>Unknown</database>
	</source>
	<size>
		<width>499</width>
		<height>318</height>
		<depth>3</depth>
	</size>
	<segmented>0</segmented>
	<object>
		<name>person hardhat</name>
		<pose>Unspecified</pose>
		<truncated>1</truncated>
		<difficult>0</difficult>
		<bndbox>
			<xmin>266</xmin>
			<ymin>1</ymin>
			<xmax>339</xmax>
			<ymax>94</ymax>
		</bndbox>
	</object>
</annotation>
