<annotation verified="yes">
	<folder>hardhat-train</folder>
	<filename>2582224968_fd26ef118d.jpg</filename>
	<path>E:\Development\Python\HardHatDetector\hardhat-train\2582224968_fd26ef118d.jpg</path>
	<source>
		<database>Unknown</database>
	</source>
	<size>
		<width>500</width>
		<height>332</height>
		<depth>3</depth>
	</size>
	<segmented>0</segmented>
	<object>
		<name>person hardhat</name>
		<pose>Unspecified</pose>
		<truncated>0</truncated>
		<difficult>0</difficult>
		<bndbox>
			<xmin>132</xmin>
			<ymin>141</ymin>
			<xmax>161</xmax>
			<ymax>181</ymax>
		</bndbox>
	</object>
	<object>
		<name>person hardhat</name>
		<pose>Unspecified</pose>
		<truncated>0</truncated>
		<difficult>0</difficult>
		<bndbox>
			<xmin>353</xmin>
			<ymin>85</ymin>
			<xmax>401</xmax>
			<ymax>136</ymax>
		</bndbox>
	</object>
</annotation>
