<annotation verified="yes">
	<folder>hardhat-train</folder>
	<filename>2584532507_4630cc6c57.jpg</filename>
	<path>E:\Development\Python\HardHatDetector\hardhat-train\2584532507_4630cc6c57.jpg</path>
	<source>
		<database>Unknown</database>
	</source>
	<size>
		<width>499</width>
		<height>333</height>
		<depth>3</depth>
	</size>
	<segmented>0</segmented>
	<object>
		<name>person hardhat</name>
		<pose>Unspecified</pose>
		<truncated>0</truncated>
		<difficult>0</difficult>
		<bndbox>
			<xmin>151</xmin>
			<ymin>64</ymin>
			<xmax>222</xmax>
			<ymax>166</ymax>
		</bndbox>
	</object>
	<object>
		<name>person hardhat</name>
		<pose>Unspecified</pose>
		<truncated>1</truncated>
		<difficult>0</difficult>
		<bndbox>
			<xmin>1</xmin>
			<ymin>66</ymin>
			<xmax>69</xmax>
			<ymax>168</ymax>
		</bndbox>
	</object>
	<object>
		<name>person hardhat</name>
		<pose>Unspecified</pose>
		<truncated>0</truncated>
		<difficult>0</difficult>
		<bndbox>
			<xmin>269</xmin>
			<ymin>211</ymin>
			<xmax>338</xmax>
			<ymax>306</ymax>
		</bndbox>
	</object>
</annotation>
