<annotation verified="yes">
	<folder>hardhat-train</folder>
	<filename>2587707511_673ca33ee4.jpg</filename>
	<path>E:\Development\Python\HardHatDetector\hardhat-train\2587707511_673ca33ee4.jpg</path>
	<source>
		<database>Unknown</database>
	</source>
	<size>
		<width>499</width>
		<height>332</height>
		<depth>3</depth>
	</size>
	<segmented>0</segmented>
	<object>
		<name>person hardhat</name>
		<pose>Unspecified</pose>
		<truncated>0</truncated>
		<difficult>0</difficult>
		<bndbox>
			<xmin>289</xmin>
			<ymin>65</ymin>
			<xmax>327</xmax>
			<ymax>119</ymax>
		</bndbox>
	</object>
	<object>
		<name>person hardhat</name>
		<pose>Unspecified</pose>
		<truncated>0</truncated>
		<difficult>0</difficult>
		<bndbox>
			<xmin>388</xmin>
			<ymin>59</ymin>
			<xmax>451</xmax>
			<ymax>119</ymax>
		</bndbox>
	</object>
	<object>
		<name>person hardhat</name>
		<pose>Unspecified</pose>
		<truncated>0</truncated>
		<difficult>0</difficult>
		<bndbox>
			<xmin>207</xmin>
			<ymin>84</ymin>
			<xmax>251</xmax>
			<ymax>143</ymax>
		</bndbox>
	</object>
	<object>
		<name>person hardhat</name>
		<pose>Unspecified</pose>
		<truncated>0</truncated>
		<difficult>0</difficult>
		<bndbox>
			<xmin>69</xmin>
			<ymin>78</ymin>
			<xmax>120</xmax>
			<ymax>144</ymax>
		</bndbox>
	</object>
	<object>
		<name>person hardhat</name>
		<pose>Unspecified</pose>
		<truncated>0</truncated>
		<difficult>0</difficult>
		<bndbox>
			<xmin>34</xmin>
			<ymin>81</ymin>
			<xmax>74</xmax>
			<ymax>136</ymax>
		</bndbox>
	</object>
</annotation>
