<annotation verified="yes">
	<folder>hardhat-train</folder>
	<filename>2587707641_52289bbd15.jpg</filename>
	<path>E:\Development\Python\HardHatDetector\hardhat-train\2587707641_52289bbd15.jpg</path>
	<source>
		<database>Unknown</database>
	</source>
	<size>
		<width>499</width>
		<height>332</height>
		<depth>3</depth>
	</size>
	<segmented>0</segmented>
	<object>
		<name>person hardhat</name>
		<pose>Unspecified</pose>
		<truncated>0</truncated>
		<difficult>0</difficult>
		<bndbox>
			<xmin>392</xmin>
			<ymin>73</ymin>
			<xmax>422</xmax>
			<ymax>104</ymax>
		</bndbox>
	</object>
	<object>
		<name>person hardhat</name>
		<pose>Unspecified</pose>
		<truncated>0</truncated>
		<difficult>0</difficult>
		<bndbox>
			<xmin>358</xmin>
			<ymin>74</ymin>
			<xmax>379</xmax>
			<ymax>102</ymax>
		</bndbox>
	</object>
	<object>
		<name>person hardhat</name>
		<pose>Unspecified</pose>
		<truncated>0</truncated>
		<difficult>0</difficult>
		<bndbox>
			<xmin>314</xmin>
			<ymin>82</ymin>
			<xmax>335</xmax>
			<ymax>114</ymax>
		</bndbox>
	</object>
	<object>
		<name>person hardhat</name>
		<pose>Unspecified</pose>
		<truncated>0</truncated>
		<difficult>0</difficult>
		<bndbox>
			<xmin>247</xmin>
			<ymin>80</ymin>
			<xmax>271</xmax>
			<ymax>111</ymax>
		</bndbox>
	</object>
	<object>
		<name>person hardhat</name>
		<pose>Unspecified</pose>
		<truncated>0</truncated>
		<difficult>0</difficult>
		<bndbox>
			<xmin>235</xmin>
			<ymin>80</ymin>
			<xmax>251</xmax>
			<ymax>106</ymax>
		</bndbox>
	</object>
</annotation>
