<annotation verified="yes">
	<folder>hardhat-train</folder>
	<filename>2589997308_a920e34b1c.jpg</filename>
	<path>E:\Development\Python\HardHatDetector\hardhat-train\2589997308_a920e34b1c.jpg</path>
	<source>
		<database>Unknown</database>
	</source>
	<size>
		<width>500</width>
		<height>359</height>
		<depth>3</depth>
	</size>
	<segmented>0</segmented>
	<object>
		<name>person hardhat</name>
		<pose>Unspecified</pose>
		<truncated>0</truncated>
		<difficult>0</difficult>
		<bndbox>
			<xmin>102</xmin>
			<ymin>24</ymin>
			<xmax>166</xmax>
			<ymax>117</ymax>
		</bndbox>
	</object>
	<object>
		<name>person hardhat</name>
		<pose>Unspecified</pose>
		<truncated>0</truncated>
		<difficult>0</difficult>
		<bndbox>
			<xmin>234</xmin>
			<ymin>51</ymin>
			<xmax>316</xmax>
			<ymax>162</ymax>
		</bndbox>
	</object>
</annotation>
