<annotation verified="yes">
	<folder>hardhat-train</folder>
	<filename>259346366_2c47552623.jpg</filename>
	<path>E:\Development\Python\HardHatDetector\hardhat-train\259346366_2c47552623.jpg</path>
	<source>
		<database>Unknown</database>
	</source>
	<size>
		<width>500</width>
		<height>333</height>
		<depth>3</depth>
	</size>
	<segmented>0</segmented>
	<object>
		<name>person hardhat</name>
		<pose>Unspecified</pose>
		<truncated>0</truncated>
		<difficult>0</difficult>
		<bndbox>
			<xmin>139</xmin>
			<ymin>32</ymin>
			<xmax>394</xmax>
			<ymax>285</ymax>
		</bndbox>
	</object>
</annotation>
