<annotation verified="yes">
	<folder>hardhat-train</folder>
	<filename>2597726706_c3830bc650.jpg</filename>
	<path>E:\Development\Python\HardHatDetector\hardhat-train\2597726706_c3830bc650.jpg</path>
	<source>
		<database>Unknown</database>
	</source>
	<size>
		<width>375</width>
		<height>500</height>
		<depth>3</depth>
	</size>
	<segmented>0</segmented>
	<object>
		<name>person hardhat</name>
		<pose>Unspecified</pose>
		<truncated>0</truncated>
		<difficult>0</difficult>
		<bndbox>
			<xmin>138</xmin>
			<ymin>174</ymin>
			<xmax>178</xmax>
			<ymax>215</ymax>
		</bndbox>
	</object>
	<object>
		<name>person hardhat</name>
		<pose>Unspecified</pose>
		<truncated>0</truncated>
		<difficult>0</difficult>
		<bndbox>
			<xmin>273</xmin>
			<ymin>250</ymin>
			<xmax>303</xmax>
			<ymax>278</ymax>
		</bndbox>
	</object>
</annotation>
