<annotation verified="yes">
	<folder>hardhat-train</folder>
	<filename>2607268048_abd346c877.jpg</filename>
	<path>E:\Development\Python\HardHatDetector\hardhat-train\2607268048_abd346c877.jpg</path>
	<source>
		<database>Unknown</database>
	</source>
	<size>
		<width>500</width>
		<height>323</height>
		<depth>3</depth>
	</size>
	<segmented>0</segmented>
	<object>
		<name>person hardhat</name>
		<pose>Unspecified</pose>
		<truncated>0</truncated>
		<difficult>0</difficult>
		<bndbox>
			<xmin>248</xmin>
			<ymin>85</ymin>
			<xmax>268</xmax>
			<ymax>109</ymax>
		</bndbox>
	</object>
	<object>
		<name>person hardhat</name>
		<pose>Unspecified</pose>
		<truncated>0</truncated>
		<difficult>0</difficult>
		<bndbox>
			<xmin>278</xmin>
			<ymin>93</ymin>
			<xmax>301</xmax>
			<ymax>120</ymax>
		</bndbox>
	</object>
	<object>
		<name>person hardhat</name>
		<pose>Unspecified</pose>
		<truncated>0</truncated>
		<difficult>0</difficult>
		<bndbox>
			<xmin>193</xmin>
			<ymin>96</ymin>
			<xmax>213</xmax>
			<ymax>119</ymax>
		</bndbox>
	</object>
</annotation>
