<annotation verified="yes">
	<folder>hardhat-train</folder>
	<filename>2634620132_4f2bb0f35d.jpg</filename>
	<path>E:\Development\Python\HardHatDetector\hardhat-train\2634620132_4f2bb0f35d.jpg</path>
	<source>
		<database>Unknown</database>
	</source>
	<size>
		<width>375</width>
		<height>500</height>
		<depth>3</depth>
	</size>
	<segmented>0</segmented>
	<object>
		<name>person hardhat</name>
		<pose>Unspecified</pose>
		<truncated>0</truncated>
		<difficult>0</difficult>
		<bndbox>
			<xmin>63</xmin>
			<ymin>38</ymin>
			<xmax>142</xmax>
			<ymax>143</ymax>
		</bndbox>
	</object>
</annotation>
