<annotation verified="yes">
	<folder>hardhat-train</folder>
	<filename>2636019513_63546b08d4.jpg</filename>
	<path>E:\Development\Python\HardHatDetector\hardhat-train\2636019513_63546b08d4.jpg</path>
	<source>
		<database>Unknown</database>
	</source>
	<size>
		<width>190</width>
		<height>500</height>
		<depth>3</depth>
	</size>
	<segmented>0</segmented>
	<object>
		<name>person hardhat</name>
		<pose>Unspecified</pose>
		<truncated>0</truncated>
		<difficult>0</difficult>
		<bndbox>
			<xmin>108</xmin>
			<ymin>35</ymin>
			<xmax>167</xmax>
			<ymax>93</ymax>
		</bndbox>
	</object>
</annotation>
