<annotation verified="yes">
	<folder>hardhat-train</folder>
	<filename>2644645116_89aae5d223.jpg</filename>
	<path>E:\Development\Python\HardHatDetector\hardhat-train\2644645116_89aae5d223.jpg</path>
	<source>
		<database>Unknown</database>
	</source>
	<size>
		<width>500</width>
		<height>349</height>
		<depth>3</depth>
	</size>
	<segmented>0</segmented>
	<object>
		<name>person hardhat</name>
		<pose>Unspecified</pose>
		<truncated>0</truncated>
		<difficult>0</difficult>
		<bndbox>
			<xmin>104</xmin>
			<ymin>99</ymin>
			<xmax>136</xmax>
			<ymax>132</ymax>
		</bndbox>
	</object>
	<object>
		<name>person hardhat</name>
		<pose>Unspecified</pose>
		<truncated>0</truncated>
		<difficult>0</difficult>
		<bndbox>
			<xmin>357</xmin>
			<ymin>59</ymin>
			<xmax>377</xmax>
			<ymax>97</ymax>
		</bndbox>
	</object>
</annotation>
