<annotation>
	<folder>hardhat-train</folder>
	<filename>2650910410_0feb36f566.jpg</filename>
	<path>E:\Development\Python\HardHatDetector\hardhat-train\2650910410_0feb36f566.jpg</path>
	<source>
		<database>Unknown</database>
	</source>
	<size>
		<width>499</width>
		<height>333</height>
		<depth>3</depth>
	</size>
	<segmented>0</segmented>
	<object>
		<name>person hardhat</name>
		<pose>Unspecified</pose>
		<truncated>0</truncated>
		<difficult>0</difficult>
		<bndbox>
			<xmin>155</xmin>
			<ymin>15</ymin>
			<xmax>242</xmax>
			<ymax>121</ymax>
		</bndbox>
	</object>
</annotation>
