<annotation verified="yes">
	<folder>hardhat-train</folder>
	<filename>2652772778_a9ea67b6e2.jpg</filename>
	<path>E:\Development\Python\HardHatDetector\hardhat-train\2652772778_a9ea67b6e2.jpg</path>
	<source>
		<database>Unknown</database>
	</source>
	<size>
		<width>500</width>
		<height>455</height>
		<depth>3</depth>
	</size>
	<segmented>0</segmented>
	<object>
		<name>person hardhat</name>
		<pose>Unspecified</pose>
		<truncated>0</truncated>
		<difficult>0</difficult>
		<bndbox>
			<xmin>70</xmin>
			<ymin>50</ymin>
			<xmax>183</xmax>
			<ymax>226</ymax>
		</bndbox>
	</object>
	<object>
		<name>person hardhat</name>
		<pose>Unspecified</pose>
		<truncated>0</truncated>
		<difficult>0</difficult>
		<bndbox>
			<xmin>196</xmin>
			<ymin>87</ymin>
			<xmax>310</xmax>
			<ymax>233</ymax>
		</bndbox>
	</object>
	<object>
		<name>person hardhat</name>
		<pose>Unspecified</pose>
		<truncated>0</truncated>
		<difficult>0</difficult>
		<bndbox>
			<xmin>334</xmin>
			<ymin>91</ymin>
			<xmax>456</xmax>
			<ymax>245</ymax>
		</bndbox>
	</object>
</annotation>
