<annotation verified="yes">
	<folder>hardhat-train</folder>
	<filename>2672546813_1535a353e7.jpg</filename>
	<path>E:\Development\Python\HardHatDetector\hardhat-train\2672546813_1535a353e7.jpg</path>
	<source>
		<database>Unknown</database>
	</source>
	<size>
		<width>375</width>
		<height>500</height>
		<depth>3</depth>
	</size>
	<segmented>0</segmented>
	<object>
		<name>person hardhat</name>
		<pose>Unspecified</pose>
		<truncated>1</truncated>
		<difficult>0</difficult>
		<bndbox>
			<xmin>63</xmin>
			<ymin>22</ymin>
			<xmax>375</xmax>
			<ymax>454</ymax>
		</bndbox>
	</object>
</annotation>
