<annotation verified="yes">
	<folder>hardhat-train</folder>
	<filename>2673983228_103c5156cf.jpg</filename>
	<path>E:\Development\Python\HardHatDetector\hardhat-train\2673983228_103c5156cf.jpg</path>
	<source>
		<database>Unknown</database>
	</source>
	<size>
		<width>389</width>
		<height>500</height>
		<depth>3</depth>
	</size>
	<segmented>0</segmented>
	<object>
		<name>person hardhat</name>
		<pose>Unspecified</pose>
		<truncated>0</truncated>
		<difficult>0</difficult>
		<bndbox>
			<xmin>8</xmin>
			<ymin>123</ymin>
			<xmax>58</xmax>
			<ymax>184</ymax>
		</bndbox>
	</object>
	<object>
		<name>person hardhat</name>
		<pose>Unspecified</pose>
		<truncated>0</truncated>
		<difficult>0</difficult>
		<bndbox>
			<xmin>134</xmin>
			<ymin>129</ymin>
			<xmax>184</xmax>
			<ymax>189</ymax>
		</bndbox>
	</object>
</annotation>
