<annotation>
	<folder>hardhat-train</folder>
	<filename>268022092_f941109fe3.jpg</filename>
	<path>E:\Development\Python\HardHatDetector\hardhat-train\268022092_f941109fe3.jpg</path>
	<source>
		<database>Unknown</database>
	</source>
	<size>
		<width>360</width>
		<height>270</height>
		<depth>3</depth>
	</size>
	<segmented>0</segmented>
	<object>
		<name>person hardhat</name>
		<pose>Unspecified</pose>
		<truncated>0</truncated>
		<difficult>0</difficult>
		<bndbox>
			<xmin>144</xmin>
			<ymin>68</ymin>
			<xmax>192</xmax>
			<ymax>119</ymax>
		</bndbox>
	</object>
	<object>
		<name>person hardhat</name>
		<pose>Unspecified</pose>
		<truncated>0</truncated>
		<difficult>0</difficult>
		<bndbox>
			<xmin>193</xmin>
			<ymin>67</ymin>
			<xmax>238</xmax>
			<ymax>117</ymax>
		</bndbox>
	</object>
	<object>
		<name>person hardhat</name>
		<pose>Unspecified</pose>
		<truncated>0</truncated>
		<difficult>0</difficult>
		<bndbox>
			<xmin>244</xmin>
			<ymin>71</ymin>
			<xmax>266</xmax>
			<ymax>100</ymax>
		</bndbox>
	</object>
	<object>
		<name>person hardhat</name>
		<pose>Unspecified</pose>
		<truncated>0</truncated>
		<difficult>0</difficult>
		<bndbox>
			<xmin>306</xmin>
			<ymin>69</ymin>
			<xmax>341</xmax>
			<ymax>100</ymax>
		</bndbox>
	</object>
</annotation>
