<annotation verified="yes">
	<folder>hardhat-train</folder>
	<filename>2690905670_f4eb459f6d.jpg</filename>
	<path>E:\Development\Python\HardHatDetector\hardhat-train\2690905670_f4eb459f6d.jpg</path>
	<source>
		<database>Unknown</database>
	</source>
	<size>
		<width>333</width>
		<height>499</height>
		<depth>3</depth>
	</size>
	<segmented>0</segmented>
	<object>
		<name>person hardhat</name>
		<pose>Unspecified</pose>
		<truncated>0</truncated>
		<difficult>0</difficult>
		<bndbox>
			<xmin>119</xmin>
			<ymin>66</ymin>
			<xmax>164</xmax>
			<ymax>115</ymax>
		</bndbox>
	</object>
	<object>
		<name>person hardhat</name>
		<pose>Unspecified</pose>
		<truncated>0</truncated>
		<difficult>0</difficult>
		<bndbox>
			<xmin>71</xmin>
			<ymin>97</ymin>
			<xmax>132</xmax>
			<ymax>138</ymax>
		</bndbox>
	</object>
	<object>
		<name>person hardhat</name>
		<pose>Unspecified</pose>
		<truncated>0</truncated>
		<difficult>0</difficult>
		<bndbox>
			<xmin>172</xmin>
			<ymin>100</ymin>
			<xmax>227</xmax>
			<ymax>142</ymax>
		</bndbox>
	</object>
	<object>
		<name>person hardhat</name>
		<pose>Unspecified</pose>
		<truncated>0</truncated>
		<difficult>0</difficult>
		<bndbox>
			<xmin>194</xmin>
			<ymin>38</ymin>
			<xmax>238</xmax>
			<ymax>87</ymax>
		</bndbox>
	</object>
</annotation>
