<annotation verified="yes">
	<folder>hardhat-train</folder>
	<filename>2723908818_cfcd6aa70d.jpg</filename>
	<path>E:\Development\Python\HardHatDetector\hardhat-train\2723908818_cfcd6aa70d.jpg</path>
	<source>
		<database>Unknown</database>
	</source>
	<size>
		<width>375</width>
		<height>500</height>
		<depth>3</depth>
	</size>
	<segmented>0</segmented>
	<object>
		<name>person hardhat</name>
		<pose>Unspecified</pose>
		<truncated>0</truncated>
		<difficult>0</difficult>
		<bndbox>
			<xmin>131</xmin>
			<ymin>61</ymin>
			<xmax>287</xmax>
			<ymax>242</ymax>
		</bndbox>
	</object>
</annotation>
