<annotation verified="yes">
	<folder>hardhat-train</folder>
	<filename>2738746735_c912951c20.jpg</filename>
	<path>E:\Development\Python\HardHatDetector\hardhat-train\2738746735_c912951c20.jpg</path>
	<source>
		<database>Unknown</database>
	</source>
	<size>
		<width>500</width>
		<height>375</height>
		<depth>3</depth>
	</size>
	<segmented>0</segmented>
	<object>
		<name>person hardhat</name>
		<pose>Unspecified</pose>
		<truncated>1</truncated>
		<difficult>0</difficult>
		<bndbox>
			<xmin>65</xmin>
			<ymin>1</ymin>
			<xmax>327</xmax>
			<ymax>322</ymax>
		</bndbox>
	</object>
</annotation>
