<annotation verified="yes">
	<folder>hardhat-train</folder>
	<filename>2754795705_3168fc634f.jpg</filename>
	<path>E:\Development\Python\HardHatDetector\hardhat-train\2754795705_3168fc634f.jpg</path>
	<source>
		<database>Unknown</database>
	</source>
	<size>
		<width>472</width>
		<height>500</height>
		<depth>3</depth>
	</size>
	<segmented>0</segmented>
	<object>
		<name>person hardhat</name>
		<pose>Unspecified</pose>
		<truncated>0</truncated>
		<difficult>0</difficult>
		<bndbox>
			<xmin>174</xmin>
			<ymin>68</ymin>
			<xmax>312</xmax>
			<ymax>242</ymax>
		</bndbox>
	</object>
</annotation>
