<annotation verified="yes">
	<folder>hardhat-train</folder>
	<filename>2758001772_eeb6a5cc31.jpg</filename>
	<path>E:\Development\Python\HardHatDetector\hardhat-train\2758001772_eeb6a5cc31.jpg</path>
	<source>
		<database>Unknown</database>
	</source>
	<size>
		<width>500</width>
		<height>375</height>
		<depth>1</depth>
	</size>
	<segmented>0</segmented>
	<object>
		<name>person hardhat</name>
		<pose>Unspecified</pose>
		<truncated>0</truncated>
		<difficult>0</difficult>
		<bndbox>
			<xmin>166</xmin>
			<ymin>33</ymin>
			<xmax>226</xmax>
			<ymax>121</ymax>
		</bndbox>
	</object>
	<object>
		<name>person hardhat</name>
		<pose>Unspecified</pose>
		<truncated>0</truncated>
		<difficult>0</difficult>
		<bndbox>
			<xmin>342</xmin>
			<ymin>32</ymin>
			<xmax>394</xmax>
			<ymax>102</ymax>
		</bndbox>
	</object>
</annotation>
