<annotation verified="yes">
	<folder>hardhat-train</folder>
	<filename>277562655_b6df78cfa3.jpg</filename>
	<path>E:\Development\Python\HardHatDetector\hardhat-train\277562655_b6df78cfa3.jpg</path>
	<source>
		<database>Unknown</database>
	</source>
	<size>
		<width>500</width>
		<height>375</height>
		<depth>3</depth>
	</size>
	<segmented>0</segmented>
	<object>
		<name>person hardhat</name>
		<pose>Unspecified</pose>
		<truncated>0</truncated>
		<difficult>0</difficult>
		<bndbox>
			<xmin>182</xmin>
			<ymin>64</ymin>
			<xmax>350</xmax>
			<ymax>241</ymax>
		</bndbox>
	</object>
</annotation>
