<annotation verified="yes">
	<folder>hardhat-train</folder>
	<filename>277864587_8eb8b85026.jpg</filename>
	<path>E:\Development\Python\HardHatDetector\hardhat-train\277864587_8eb8b85026.jpg</path>
	<source>
		<database>Unknown</database>
	</source>
	<size>
		<width>375</width>
		<height>500</height>
		<depth>3</depth>
	</size>
	<segmented>0</segmented>
	<object>
		<name>person hardhat</name>
		<pose>Unspecified</pose>
		<truncated>0</truncated>
		<difficult>0</difficult>
		<bndbox>
			<xmin>156</xmin>
			<ymin>114</ymin>
			<xmax>253</xmax>
			<ymax>235</ymax>
		</bndbox>
	</object>
</annotation>
