<annotation verified="yes">
	<folder>hardhat-train</folder>
	<filename>2782427560_59c61263b4.jpg</filename>
	<path>E:\Development\Python\HardHatDetector\hardhat-train\2782427560_59c61263b4.jpg</path>
	<source>
		<database>Unknown</database>
	</source>
	<size>
		<width>500</width>
		<height>375</height>
		<depth>3</depth>
	</size>
	<segmented>0</segmented>
	<object>
		<name>person hardhat</name>
		<pose>Unspecified</pose>
		<truncated>0</truncated>
		<difficult>0</difficult>
		<bndbox>
			<xmin>181</xmin>
			<ymin>14</ymin>
			<xmax>421</xmax>
			<ymax>305</ymax>
		</bndbox>
	</object>
</annotation>
