<annotation verified="yes">
	<folder>hardhat-train</folder>
	<filename>2799999537_5292276bc8.jpg</filename>
	<path>E:\Development\Python\HardHatDetector\hardhat-train\2799999537_5292276bc8.jpg</path>
	<source>
		<database>Unknown</database>
	</source>
	<size>
		<width>500</width>
		<height>332</height>
		<depth>3</depth>
	</size>
	<segmented>0</segmented>
	<object>
		<name>person hardhat</name>
		<pose>Unspecified</pose>
		<truncated>0</truncated>
		<difficult>0</difficult>
		<bndbox>
			<xmin>250</xmin>
			<ymin>80</ymin>
			<xmax>435</xmax>
			<ymax>267</ymax>
		</bndbox>
	</object>
</annotation>
