<annotation verified="yes">
	<folder>hardhat-train</folder>
	<filename>2828645601_b2f83ed50f.jpg</filename>
	<path>E:\Development\Python\HardHatDetector\hardhat-train\2828645601_b2f83ed50f.jpg</path>
	<source>
		<database>Unknown</database>
	</source>
	<size>
		<width>444</width>
		<height>500</height>
		<depth>1</depth>
	</size>
	<segmented>0</segmented>
	<object>
		<name>person hardhat</name>
		<pose>Unspecified</pose>
		<truncated>0</truncated>
		<difficult>0</difficult>
		<bndbox>
			<xmin>26</xmin>
			<ymin>43</ymin>
			<xmax>255</xmax>
			<ymax>330</ymax>
		</bndbox>
	</object>
</annotation>
