<annotation>
	<folder>hardhat-train</folder>
	<filename>2832025958_5132fd05a1.jpg</filename>
	<path>E:\Development\Python\HardHatDetector\hardhat-train\2832025958_5132fd05a1.jpg</path>
	<source>
		<database>Unknown</database>
	</source>
	<size>
		<width>333</width>
		<height>499</height>
		<depth>3</depth>
	</size>
	<segmented>0</segmented>
	<object>
		<name>person hardhat</name>
		<pose>Unspecified</pose>
		<truncated>0</truncated>
		<difficult>0</difficult>
		<bndbox>
			<xmin>106</xmin>
			<ymin>10</ymin>
			<xmax>242</xmax>
			<ymax>167</ymax>
		</bndbox>
	</object>
</annotation>
