<annotation verified="yes">
	<folder>hardhat-train</folder>
	<filename>2842750047_2e8d0a91ef.jpg</filename>
	<path>E:\Development\Python\HardHatDetector\hardhat-train\2842750047_2e8d0a91ef.jpg</path>
	<source>
		<database>Unknown</database>
	</source>
	<size>
		<width>500</width>
		<height>375</height>
		<depth>3</depth>
	</size>
	<segmented>0</segmented>
	<object>
		<name>person hardhat</name>
		<pose>Unspecified</pose>
		<truncated>0</truncated>
		<difficult>0</difficult>
		<bndbox>
			<xmin>91</xmin>
			<ymin>8</ymin>
			<xmax>287</xmax>
			<ymax>215</ymax>
		</bndbox>
	</object>
</annotation>
