<annotation verified="yes">
	<folder>hardhat-train</folder>
	<filename>2844857070_3537c90919.jpg</filename>
	<path>E:\Development\Python\HardHatDetector\hardhat-train\2844857070_3537c90919.jpg</path>
	<source>
		<database>Unknown</database>
	</source>
	<size>
		<width>460</width>
		<height>500</height>
		<depth>3</depth>
	</size>
	<segmented>0</segmented>
	<object>
		<name>person hardhat</name>
		<pose>Unspecified</pose>
		<truncated>1</truncated>
		<difficult>0</difficult>
		<bndbox>
			<xmin>155</xmin>
			<ymin>1</ymin>
			<xmax>318</xmax>
			<ymax>201</ymax>
		</bndbox>
	</object>
</annotation>
