<annotation verified="yes">
	<folder>hardhat-train</folder>
	<filename>2861752879_fabdc8d1be.jpg</filename>
	<path>E:\Development\Python\HardHatDetector\hardhat-train\2861752879_fabdc8d1be.jpg</path>
	<source>
		<database>Unknown</database>
	</source>
	<size>
		<width>500</width>
		<height>335</height>
		<depth>3</depth>
	</size>
	<segmented>0</segmented>
	<object>
		<name>person hardhat</name>
		<pose>Unspecified</pose>
		<truncated>0</truncated>
		<difficult>0</difficult>
		<bndbox>
			<xmin>159</xmin>
			<ymin>18</ymin>
			<xmax>252</xmax>
			<ymax>131</ymax>
		</bndbox>
	</object>
</annotation>
