<annotation verified="yes">
	<folder>hardhat-train</folder>
	<filename>2869112789_e8be91a34a.jpg</filename>
	<path>E:\Development\Python\HardHatDetector\hardhat-train\2869112789_e8be91a34a.jpg</path>
	<source>
		<database>Unknown</database>
	</source>
	<size>
		<width>332</width>
		<height>499</height>
		<depth>3</depth>
	</size>
	<segmented>0</segmented>
	<object>
		<name>person hardhat</name>
		<pose>Unspecified</pose>
		<truncated>0</truncated>
		<difficult>0</difficult>
		<bndbox>
			<xmin>147</xmin>
			<ymin>86</ymin>
			<xmax>186</xmax>
			<ymax>142</ymax>
		</bndbox>
	</object>
</annotation>
