<annotation verified="yes">
	<folder>hardhat-train</folder>
	<filename>2875253496_5c9af8348a.jpg</filename>
	<path>E:\Development\Python\HardHatDetector\hardhat-train\2875253496_5c9af8348a.jpg</path>
	<source>
		<database>Unknown</database>
	</source>
	<size>
		<width>439</width>
		<height>499</height>
		<depth>3</depth>
	</size>
	<segmented>0</segmented>
	<object>
		<name>person hardhat</name>
		<pose>Unspecified</pose>
		<truncated>0</truncated>
		<difficult>0</difficult>
		<bndbox>
			<xmin>137</xmin>
			<ymin>16</ymin>
			<xmax>294</xmax>
			<ymax>192</ymax>
		</bndbox>
	</object>
</annotation>
