<annotation verified="yes">
	<folder>hardhat-train</folder>
	<filename>2881384426_f1eb63a209.jpg</filename>
	<path>E:\Development\Python\HardHatDetector\hardhat-train\2881384426_f1eb63a209.jpg</path>
	<source>
		<database>Unknown</database>
	</source>
	<size>
		<width>333</width>
		<height>499</height>
		<depth>3</depth>
	</size>
	<segmented>0</segmented>
	<object>
		<name>person hardhat</name>
		<pose>Unspecified</pose>
		<truncated>1</truncated>
		<difficult>0</difficult>
		<bndbox>
			<xmin>10</xmin>
			<ymin>51</ymin>
			<xmax>332</xmax>
			<ymax>499</ymax>
		</bndbox>
	</object>
</annotation>
