<annotation verified="yes">
	<folder>hardhat-train</folder>
	<filename>2882984326_13d415aa92.jpg</filename>
	<path>E:\Development\Python\HardHatDetector\hardhat-train\2882984326_13d415aa92.jpg</path>
	<source>
		<database>Unknown</database>
	</source>
	<size>
		<width>375</width>
		<height>500</height>
		<depth>3</depth>
	</size>
	<segmented>0</segmented>
	<object>
		<name>person hardhat</name>
		<pose>Unspecified</pose>
		<truncated>0</truncated>
		<difficult>0</difficult>
		<bndbox>
			<xmin>208</xmin>
			<ymin>128</ymin>
			<xmax>230</xmax>
			<ymax>159</ymax>
		</bndbox>
	</object>
</annotation>
