<annotation verified="yes">
	<folder>hardhat-train</folder>
	<filename>2905772389_d9464c105c.jpg</filename>
	<path>E:\Development\Python\HardHatDetector\hardhat-train\2905772389_d9464c105c.jpg</path>
	<source>
		<database>Unknown</database>
	</source>
	<size>
		<width>500</width>
		<height>375</height>
		<depth>3</depth>
	</size>
	<segmented>0</segmented>
	<object>
		<name>person hardhat</name>
		<pose>Unspecified</pose>
		<truncated>0</truncated>
		<difficult>0</difficult>
		<bndbox>
			<xmin>119</xmin>
			<ymin>21</ymin>
			<xmax>223</xmax>
			<ymax>155</ymax>
		</bndbox>
	</object>
	<object>
		<name>person hardhat</name>
		<pose>Unspecified</pose>
		<truncated>0</truncated>
		<difficult>0</difficult>
		<bndbox>
			<xmin>193</xmin>
			<ymin>81</ymin>
			<xmax>291</xmax>
			<ymax>203</ymax>
		</bndbox>
	</object>
	<object>
		<name>person hardhat</name>
		<pose>Unspecified</pose>
		<truncated>0</truncated>
		<difficult>0</difficult>
		<bndbox>
			<xmin>264</xmin>
			<ymin>119</ymin>
			<xmax>369</xmax>
			<ymax>241</ymax>
		</bndbox>
	</object>
</annotation>
