<annotation verified="yes">
	<folder>hardhat-train</folder>
	<filename>2923590806_a87e3c5d35.jpg</filename>
	<path>E:\Development\Python\HardHatDetector\hardhat-train\2923590806_a87e3c5d35.jpg</path>
	<source>
		<database>Unknown</database>
	</source>
	<size>
		<width>500</width>
		<height>500</height>
		<depth>3</depth>
	</size>
	<segmented>0</segmented>
	<object>
		<name>person hardhat</name>
		<pose>Unspecified</pose>
		<truncated>0</truncated>
		<difficult>0</difficult>
		<bndbox>
			<xmin>69</xmin>
			<ymin>138</ymin>
			<xmax>184</xmax>
			<ymax>259</ymax>
		</bndbox>
	</object>
</annotation>
