<annotation verified="yes">
	<folder>hardhat-train</folder>
	<filename>2924585171_6c2a2bd46b.jpg</filename>
	<path>E:\Development\Python\HardHatDetector\hardhat-train\2924585171_6c2a2bd46b.jpg</path>
	<source>
		<database>Unknown</database>
	</source>
	<size>
		<width>500</width>
		<height>306</height>
		<depth>3</depth>
	</size>
	<segmented>0</segmented>
	<object>
		<name>person hardhat</name>
		<pose>Unspecified</pose>
		<truncated>1</truncated>
		<difficult>0</difficult>
		<bndbox>
			<xmin>1</xmin>
			<ymin>106</ymin>
			<xmax>112</xmax>
			<ymax>197</ymax>
		</bndbox>
	</object>
</annotation>
