<annotation verified="yes">
	<folder>hardhat-train</folder>
	<filename>293461058_73e8cecd3b.jpg</filename>
	<path>E:\Development\Python\HardHatDetector\hardhat-train\293461058_73e8cecd3b.jpg</path>
	<source>
		<database>Unknown</database>
	</source>
	<size>
		<width>500</width>
		<height>375</height>
		<depth>3</depth>
	</size>
	<segmented>0</segmented>
	<object>
		<name>person hardhat</name>
		<pose>Unspecified</pose>
		<truncated>0</truncated>
		<difficult>0</difficult>
		<bndbox>
			<xmin>169</xmin>
			<ymin>121</ymin>
			<xmax>223</xmax>
			<ymax>185</ymax>
		</bndbox>
	</object>
</annotation>
