<annotation>
	<folder>hardhat-train</folder>
	<filename>2939252316_6f9d0340fc.jpg</filename>
	<path>E:\Development\Python\HardHatDetector\hardhat-train\2939252316_6f9d0340fc.jpg</path>
	<source>
		<database>Unknown</database>
	</source>
	<size>
		<width>500</width>
		<height>265</height>
		<depth>3</depth>
	</size>
	<segmented>0</segmented>
	<object>
		<name>person hardhat</name>
		<pose>Unspecified</pose>
		<truncated>1</truncated>
		<difficult>0</difficult>
		<bndbox>
			<xmin>116</xmin>
			<ymin>1</ymin>
			<xmax>160</xmax>
			<ymax>56</ymax>
		</bndbox>
	</object>
	<object>
		<name>person hardhat</name>
		<pose>Unspecified</pose>
		<truncated>0</truncated>
		<difficult>0</difficult>
		<bndbox>
			<xmin>188</xmin>
			<ymin>21</ymin>
			<xmax>237</xmax>
			<ymax>78</ymax>
		</bndbox>
	</object>
	<object>
		<name>person hardhat</name>
		<pose>Unspecified</pose>
		<truncated>0</truncated>
		<difficult>0</difficult>
		<bndbox>
			<xmin>284</xmin>
			<ymin>54</ymin>
			<xmax>320</xmax>
			<ymax>90</ymax>
		</bndbox>
	</object>
</annotation>
