<annotation verified="yes">
	<folder>hardhat-train</folder>
	<filename>2944909198_d5653f9022.jpg</filename>
	<path>E:\Development\Python\HardHatDetector\hardhat-train\2944909198_d5653f9022.jpg</path>
	<source>
		<database>Unknown</database>
	</source>
	<size>
		<width>499</width>
		<height>498</height>
		<depth>3</depth>
	</size>
	<segmented>0</segmented>
	<object>
		<name>person hardhat</name>
		<pose>Unspecified</pose>
		<truncated>0</truncated>
		<difficult>0</difficult>
		<bndbox>
			<xmin>182</xmin>
			<ymin>27</ymin>
			<xmax>304</xmax>
			<ymax>168</ymax>
		</bndbox>
	</object>
</annotation>
