<annotation verified="yes">
	<folder>hardhat-train</folder>
	<filename>2970056859_1e1f3e6e3b.jpg</filename>
	<path>E:\Development\Python\HardHatDetector\hardhat-train\2970056859_1e1f3e6e3b.jpg</path>
	<source>
		<database>Unknown</database>
	</source>
	<size>
		<width>500</width>
		<height>365</height>
		<depth>3</depth>
	</size>
	<segmented>0</segmented>
	<object>
		<name>person hardhat</name>
		<pose>Unspecified</pose>
		<truncated>0</truncated>
		<difficult>0</difficult>
		<bndbox>
			<xmin>217</xmin>
			<ymin>62</ymin>
			<xmax>328</xmax>
			<ymax>233</ymax>
		</bndbox>
	</object>
</annotation>
