<annotation verified="yes">
	<folder>hardhat-train</folder>
	<filename>2987567967_c9230aa030.jpg</filename>
	<path>E:\Development\Python\HardHatDetector\hardhat-train\2987567967_c9230aa030.jpg</path>
	<source>
		<database>Unknown</database>
	</source>
	<size>
		<width>500</width>
		<height>413</height>
		<depth>3</depth>
	</size>
	<segmented>0</segmented>
	<object>
		<name>person hardhat</name>
		<pose>Unspecified</pose>
		<truncated>0</truncated>
		<difficult>0</difficult>
		<bndbox>
			<xmin>276</xmin>
			<ymin>193</ymin>
			<xmax>311</xmax>
			<ymax>227</ymax>
		</bndbox>
	</object>
	<object>
		<name>person hardhat</name>
		<pose>Unspecified</pose>
		<truncated>0</truncated>
		<difficult>0</difficult>
		<bndbox>
			<xmin>333</xmin>
			<ymin>182</ymin>
			<xmax>357</xmax>
			<ymax>219</ymax>
		</bndbox>
	</object>
	<object>
		<name>person hardhat</name>
		<pose>Unspecified</pose>
		<truncated>0</truncated>
		<difficult>0</difficult>
		<bndbox>
			<xmin>436</xmin>
			<ymin>163</ymin>
			<xmax>461</xmax>
			<ymax>200</ymax>
		</bndbox>
	</object>
</annotation>
