<annotation verified="yes">
	<folder>hardhat-train</folder>
	<filename>2991461454_b3d742e7b8.jpg</filename>
	<path>E:\Development\Python\HardHatDetector\hardhat-train\2991461454_b3d742e7b8.jpg</path>
	<source>
		<database>Unknown</database>
	</source>
	<size>
		<width>264</width>
		<height>500</height>
		<depth>3</depth>
	</size>
	<segmented>0</segmented>
	<object>
		<name>person hardhat</name>
		<pose>Unspecified</pose>
		<truncated>0</truncated>
		<difficult>0</difficult>
		<bndbox>
			<xmin>110</xmin>
			<ymin>10</ymin>
			<xmax>173</xmax>
			<ymax>94</ymax>
		</bndbox>
	</object>
</annotation>
