<annotation verified="yes">
	<folder>hardhat-train</folder>
	<filename>3002872387_b9f6c09ab6.jpg</filename>
	<path>E:\Development\Python\HardHatDetector\hardhat-train\3002872387_b9f6c09ab6.jpg</path>
	<source>
		<database>Unknown</database>
	</source>
	<size>
		<width>499</width>
		<height>333</height>
		<depth>3</depth>
	</size>
	<segmented>0</segmented>
	<object>
		<name>person hardhat</name>
		<pose>Unspecified</pose>
		<truncated>0</truncated>
		<difficult>0</difficult>
		<bndbox>
			<xmin>179</xmin>
			<ymin>84</ymin>
			<xmax>221</xmax>
			<ymax>134</ymax>
		</bndbox>
	</object>
	<object>
		<name>person hardhat</name>
		<pose>Unspecified</pose>
		<truncated>0</truncated>
		<difficult>0</difficult>
		<bndbox>
			<xmin>255</xmin>
			<ymin>138</ymin>
			<xmax>288</xmax>
			<ymax>178</ymax>
		</bndbox>
	</object>
	<object>
		<name>person hardhat</name>
		<pose>Unspecified</pose>
		<truncated>0</truncated>
		<difficult>0</difficult>
		<bndbox>
			<xmin>385</xmin>
			<ymin>140</ymin>
			<xmax>417</xmax>
			<ymax>177</ymax>
		</bndbox>
	</object>
</annotation>
