<annotation verified="yes">
	<folder>hardhat-train</folder>
	<filename>3005214237_39bf35f7d0.jpg</filename>
	<path>E:\Development\Python\HardHatDetector\hardhat-train\3005214237_39bf35f7d0.jpg</path>
	<source>
		<database>Unknown</database>
	</source>
	<size>
		<width>500</width>
		<height>375</height>
		<depth>3</depth>
	</size>
	<segmented>0</segmented>
	<object>
		<name>person hardhat</name>
		<pose>Unspecified</pose>
		<truncated>0</truncated>
		<difficult>0</difficult>
		<bndbox>
			<xmin>191</xmin>
			<ymin>45</ymin>
			<xmax>250</xmax>
			<ymax>113</ymax>
		</bndbox>
	</object>
</annotation>
