<annotation verified="yes">
	<folder>hardhat-train</folder>
	<filename>3006050196_fb5e978ae9.jpg</filename>
	<path>E:\Development\Python\HardHatDetector\hardhat-train\3006050196_fb5e978ae9.jpg</path>
	<source>
		<database>Unknown</database>
	</source>
	<size>
		<width>500</width>
		<height>375</height>
		<depth>3</depth>
	</size>
	<segmented>0</segmented>
	<object>
		<name>person hardhat</name>
		<pose>Unspecified</pose>
		<truncated>0</truncated>
		<difficult>0</difficult>
		<bndbox>
			<xmin>131</xmin>
			<ymin>84</ymin>
			<xmax>169</xmax>
			<ymax>127</ymax>
		</bndbox>
	</object>
</annotation>
