<annotation verified="yes">
	<folder>hardhat-train</folder>
	<filename>3033731071_17e6c3faa8.jpg</filename>
	<path>E:\Development\Python\HardHatDetector\hardhat-train\3033731071_17e6c3faa8.jpg</path>
	<source>
		<database>Unknown</database>
	</source>
	<size>
		<width>333</width>
		<height>500</height>
		<depth>3</depth>
	</size>
	<segmented>0</segmented>
	<object>
		<name>person hardhat</name>
		<pose>Unspecified</pose>
		<truncated>1</truncated>
		<difficult>0</difficult>
		<bndbox>
			<xmin>78</xmin>
			<ymin>1</ymin>
			<xmax>316</xmax>
			<ymax>274</ymax>
		</bndbox>
	</object>
</annotation>
