<annotation verified="yes">
	<folder>hardhat-train</folder>
	<filename>3036963580_5fa386048a.jpg</filename>
	<path>E:\Development\Python\HardHatDetector\hardhat-train\3036963580_5fa386048a.jpg</path>
	<source>
		<database>Unknown</database>
	</source>
	<size>
		<width>500</width>
		<height>399</height>
		<depth>3</depth>
	</size>
	<segmented>0</segmented>
	<object>
		<name>person hardhat</name>
		<pose>Unspecified</pose>
		<truncated>0</truncated>
		<difficult>0</difficult>
		<bndbox>
			<xmin>171</xmin>
			<ymin>35</ymin>
			<xmax>214</xmax>
			<ymax>77</ymax>
		</bndbox>
	</object>
</annotation>
