<annotation verified="yes">
	<folder>hardhat-train</folder>
	<filename>3042541658_89d39fb297.jpg</filename>
	<path>E:\Development\Python\HardHatDetector\hardhat-train\3042541658_89d39fb297.jpg</path>
	<source>
		<database>Unknown</database>
	</source>
	<size>
		<width>500</width>
		<height>375</height>
		<depth>3</depth>
	</size>
	<segmented>0</segmented>
	<object>
		<name>person hardhat</name>
		<pose>Unspecified</pose>
		<truncated>0</truncated>
		<difficult>0</difficult>
		<bndbox>
			<xmin>69</xmin>
			<ymin>73</ymin>
			<xmax>121</xmax>
			<ymax>150</ymax>
		</bndbox>
	</object>
	<object>
		<name>person hardhat</name>
		<pose>Unspecified</pose>
		<truncated>0</truncated>
		<difficult>0</difficult>
		<bndbox>
			<xmin>240</xmin>
			<ymin>80</ymin>
			<xmax>300</xmax>
			<ymax>147</ymax>
		</bndbox>
	</object>
	<object>
		<name>person hardhat</name>
		<pose>Unspecified</pose>
		<truncated>0</truncated>
		<difficult>0</difficult>
		<bndbox>
			<xmin>399</xmin>
			<ymin>75</ymin>
			<xmax>446</xmax>
			<ymax>135</ymax>
		</bndbox>
	</object>
</annotation>
