<annotation verified="yes">
	<folder>hardhat-train</folder>
	<filename>3052295182_92e64b1f55.jpg</filename>
	<path>E:\Development\Python\HardHatDetector\hardhat-train\3052295182_92e64b1f55.jpg</path>
	<source>
		<database>Unknown</database>
	</source>
	<size>
		<width>500</width>
		<height>310</height>
		<depth>3</depth>
	</size>
	<segmented>0</segmented>
	<object>
		<name>person hardhat</name>
		<pose>Unspecified</pose>
		<truncated>0</truncated>
		<difficult>0</difficult>
		<bndbox>
			<xmin>278</xmin>
			<ymin>16</ymin>
			<xmax>325</xmax>
			<ymax>70</ymax>
		</bndbox>
	</object>
</annotation>
