<annotation verified="yes">
	<folder>hardhat-train</folder>
	<filename>3053040475_f7a7a7006c.jpg</filename>
	<path>E:\Development\Python\HardHatDetector\hardhat-train\3053040475_f7a7a7006c.jpg</path>
	<source>
		<database>Unknown</database>
	</source>
	<size>
		<width>499</width>
		<height>333</height>
		<depth>3</depth>
	</size>
	<segmented>0</segmented>
	<object>
		<name>person hardhat</name>
		<pose>Unspecified</pose>
		<truncated>0</truncated>
		<difficult>0</difficult>
		<bndbox>
			<xmin>214</xmin>
			<ymin>3</ymin>
			<xmax>376</xmax>
			<ymax>186</ymax>
		</bndbox>
	</object>
</annotation>
