<annotation verified="yes">
	<folder>hardhat-train</folder>
	<filename>3059297423_570cff9b7c.jpg</filename>
	<path>E:\Development\Python\HardHatDetector\hardhat-train\3059297423_570cff9b7c.jpg</path>
	<source>
		<database>Unknown</database>
	</source>
	<size>
		<width>500</width>
		<height>375</height>
		<depth>3</depth>
	</size>
	<segmented>0</segmented>
	<object>
		<name>person hardhat</name>
		<pose>Unspecified</pose>
		<truncated>0</truncated>
		<difficult>0</difficult>
		<bndbox>
			<xmin>199</xmin>
			<ymin>64</ymin>
			<xmax>315</xmax>
			<ymax>220</ymax>
		</bndbox>
	</object>
</annotation>
