<annotation verified="yes">
	<folder>hardhat-train</folder>
	<filename>309559281_a9c006d73e.jpg</filename>
	<path>E:\Development\Python\HardHatDetector\hardhat-train\309559281_a9c006d73e.jpg</path>
	<source>
		<database>Unknown</database>
	</source>
	<size>
		<width>500</width>
		<height>332</height>
		<depth>3</depth>
	</size>
	<segmented>0</segmented>
	<object>
		<name>person hardhat</name>
		<pose>Unspecified</pose>
		<truncated>0</truncated>
		<difficult>0</difficult>
		<bndbox>
			<xmin>158</xmin>
			<ymin>84</ymin>
			<xmax>218</xmax>
			<ymax>162</ymax>
		</bndbox>
	</object>
	<object>
		<name>person hardhat</name>
		<pose>Unspecified</pose>
		<truncated>0</truncated>
		<difficult>0</difficult>
		<bndbox>
			<xmin>221</xmin>
			<ymin>51</ymin>
			<xmax>294</xmax>
			<ymax>150</ymax>
		</bndbox>
	</object>
	<object>
		<name>person hardhat</name>
		<pose>Unspecified</pose>
		<truncated>0</truncated>
		<difficult>0</difficult>
		<bndbox>
			<xmin>295</xmin>
			<ymin>4</ymin>
			<xmax>391</xmax>
			<ymax>116</ymax>
		</bndbox>
	</object>
</annotation>
