<annotation verified="yes">
	<folder>hardhat-train</folder>
	<filename>3117402492_e6e7d5d96e.jpg</filename>
	<path>E:\Development\Python\HardHatDetector\hardhat-train\3117402492_e6e7d5d96e.jpg</path>
	<source>
		<database>Unknown</database>
	</source>
	<size>
		<width>500</width>
		<height>376</height>
		<depth>3</depth>
	</size>
	<segmented>0</segmented>
	<object>
		<name>person hardhat</name>
		<pose>Unspecified</pose>
		<truncated>0</truncated>
		<difficult>0</difficult>
		<bndbox>
			<xmin>70</xmin>
			<ymin>61</ymin>
			<xmax>168</xmax>
			<ymax>196</ymax>
		</bndbox>
	</object>
	<object>
		<name>person hardhat</name>
		<pose>Unspecified</pose>
		<truncated>0</truncated>
		<difficult>0</difficult>
		<bndbox>
			<xmin>215</xmin>
			<ymin>99</ymin>
			<xmax>307</xmax>
			<ymax>222</ymax>
		</bndbox>
	</object>
	<object>
		<name>person hardhat</name>
		<pose>Unspecified</pose>
		<truncated>0</truncated>
		<difficult>0</difficult>
		<bndbox>
			<xmin>320</xmin>
			<ymin>72</ymin>
			<xmax>424</xmax>
			<ymax>216</ymax>
		</bndbox>
	</object>
</annotation>
