<annotation>
	<folder>hardhat-train</folder>
	<filename>3145912158_24d36391df.jpg</filename>
	<path>E:\Development\Python\HardHatDetector\hardhat-train\3145912158_24d36391df.jpg</path>
	<source>
		<database>Unknown</database>
	</source>
	<size>
		<width>500</width>
		<height>375</height>
		<depth>3</depth>
	</size>
	<segmented>0</segmented>
	<object>
		<name>person hardhat</name>
		<pose>Unspecified</pose>
		<truncated>0</truncated>
		<difficult>0</difficult>
		<bndbox>
			<xmin>111</xmin>
			<ymin>42</ymin>
			<xmax>349</xmax>
			<ymax>333</ymax>
		</bndbox>
	</object>
</annotation>
