<annotation verified="yes">
	<folder>hardhat-train</folder>
	<filename>3204638640_983178e7ff.jpg</filename>
	<path>E:\Development\Python\HardHatDetector\hardhat-train\3204638640_983178e7ff.jpg</path>
	<source>
		<database>Unknown</database>
	</source>
	<size>
		<width>333</width>
		<height>499</height>
		<depth>3</depth>
	</size>
	<segmented>0</segmented>
	<object>
		<name>person hardhat</name>
		<pose>Unspecified</pose>
		<truncated>0</truncated>
		<difficult>0</difficult>
		<bndbox>
			<xmin>144</xmin>
			<ymin>67</ymin>
			<xmax>271</xmax>
			<ymax>214</ymax>
		</bndbox>
	</object>
</annotation>
