<annotation verified="yes">
	<folder>hardhat-train</folder>
	<filename>3207984572_94077ab9a8.jpg</filename>
	<path>E:\Development\Python\HardHatDetector\hardhat-train\3207984572_94077ab9a8.jpg</path>
	<source>
		<database>Unknown</database>
	</source>
	<size>
		<width>375</width>
		<height>500</height>
		<depth>3</depth>
	</size>
	<segmented>0</segmented>
	<object>
		<name>person hardhat</name>
		<pose>Unspecified</pose>
		<truncated>0</truncated>
		<difficult>0</difficult>
		<bndbox>
			<xmin>79</xmin>
			<ymin>16</ymin>
			<xmax>257</xmax>
			<ymax>187</ymax>
		</bndbox>
	</object>
</annotation>
