<annotation verified="yes">
	<folder>hardhat-train</folder>
	<filename>3210666394_11b4e49be1.jpg</filename>
	<path>E:\Development\Python\HardHatDetector\hardhat-train\3210666394_11b4e49be1.jpg</path>
	<source>
		<database>Unknown</database>
	</source>
	<size>
		<width>499</width>
		<height>399</height>
		<depth>3</depth>
	</size>
	<segmented>0</segmented>
	<object>
		<name>person hardhat</name>
		<pose>Unspecified</pose>
		<truncated>0</truncated>
		<difficult>0</difficult>
		<bndbox>
			<xmin>228</xmin>
			<ymin>4</ymin>
			<xmax>326</xmax>
			<ymax>118</ymax>
		</bndbox>
	</object>
</annotation>
