<annotation>
	<folder>hardhat-train</folder>
	<filename>3213743997_ec6bae1a30.jpg</filename>
	<path>E:\Development\Python\HardHatDetector\hardhat-train\3213743997_ec6bae1a30.jpg</path>
	<source>
		<database>Unknown</database>
	</source>
	<size>
		<width>336</width>
		<height>500</height>
		<depth>3</depth>
	</size>
	<segmented>0</segmented>
	<object>
		<name>person hardhat</name>
		<pose>Unspecified</pose>
		<truncated>0</truncated>
		<difficult>0</difficult>
		<bndbox>
			<xmin>108</xmin>
			<ymin>32</ymin>
			<xmax>288</xmax>
			<ymax>214</ymax>
		</bndbox>
	</object>
</annotation>
