<annotation verified="yes">
	<folder>hardhat-train</folder>
	<filename>3218018128_b506f89687.jpg</filename>
	<path>E:\Development\Python\HardHatDetector\hardhat-train\3218018128_b506f89687.jpg</path>
	<source>
		<database>Unknown</database>
	</source>
	<size>
		<width>499</width>
		<height>333</height>
		<depth>3</depth>
	</size>
	<segmented>0</segmented>
	<object>
		<name>person hardhat</name>
		<pose>Unspecified</pose>
		<truncated>0</truncated>
		<difficult>0</difficult>
		<bndbox>
			<xmin>94</xmin>
			<ymin>67</ymin>
			<xmax>261</xmax>
			<ymax>253</ymax>
		</bndbox>
	</object>
	<object>
		<name>person hardhat</name>
		<pose>Unspecified</pose>
		<truncated>0</truncated>
		<difficult>0</difficult>
		<bndbox>
			<xmin>236</xmin>
			<ymin>20</ymin>
			<xmax>352</xmax>
			<ymax>182</ymax>
		</bndbox>
	</object>
</annotation>
