<annotation verified="yes">
	<folder>hardhat-train</folder>
	<filename>322555199_c55409e0fc.jpg</filename>
	<path>E:\Development\Python\HardHatDetector\hardhat-train\322555199_c55409e0fc.jpg</path>
	<source>
		<database>Unknown</database>
	</source>
	<size>
		<width>375</width>
		<height>500</height>
		<depth>3</depth>
	</size>
	<segmented>0</segmented>
	<object>
		<name>person hardhat</name>
		<pose>Unspecified</pose>
		<truncated>0</truncated>
		<difficult>0</difficult>
		<bndbox>
			<xmin>151</xmin>
			<ymin>197</ymin>
			<xmax>179</xmax>
			<ymax>233</ymax>
		</bndbox>
	</object>
</annotation>
