<annotation verified="yes">
	<folder>hardhat-train</folder>
	<filename>3235441350_01d21fbc7a.jpg</filename>
	<path>E:\Development\Python\HardHatDetector\hardhat-train\3235441350_01d21fbc7a.jpg</path>
	<source>
		<database>Unknown</database>
	</source>
	<size>
		<width>499</width>
		<height>334</height>
		<depth>3</depth>
	</size>
	<segmented>0</segmented>
	<object>
		<name>person hardhat</name>
		<pose>Unspecified</pose>
		<truncated>0</truncated>
		<difficult>0</difficult>
		<bndbox>
			<xmin>120</xmin>
			<ymin>36</ymin>
			<xmax>184</xmax>
			<ymax>131</ymax>
		</bndbox>
	</object>
</annotation>
