<annotation verified="yes">
	<folder>hardhat-train</folder>
	<filename>3236730103_c34403ca66.jpg</filename>
	<path>E:\Development\Python\HardHatDetector\hardhat-train\3236730103_c34403ca66.jpg</path>
	<source>
		<database>Unknown</database>
	</source>
	<size>
		<width>375</width>
		<height>500</height>
		<depth>3</depth>
	</size>
	<segmented>0</segmented>
	<object>
		<name>person hardhat</name>
		<pose>Unspecified</pose>
		<truncated>0</truncated>
		<difficult>0</difficult>
		<bndbox>
			<xmin>25</xmin>
			<ymin>158</ymin>
			<xmax>124</xmax>
			<ymax>258</ymax>
		</bndbox>
	</object>
	<object>
		<name>person hardhat</name>
		<pose>Unspecified</pose>
		<truncated>0</truncated>
		<difficult>0</difficult>
		<bndbox>
			<xmin>128</xmin>
			<ymin>189</ymin>
			<xmax>212</xmax>
			<ymax>271</ymax>
		</bndbox>
	</object>
	<object>
		<name>person hardhat</name>
		<pose>Unspecified</pose>
		<truncated>1</truncated>
		<difficult>0</difficult>
		<bndbox>
			<xmin>236</xmin>
			<ymin>160</ymin>
			<xmax>375</xmax>
			<ymax>307</ymax>
		</bndbox>
	</object>
	<object>
		<name>person hardhat</name>
		<pose>Unspecified</pose>
		<truncated>0</truncated>
		<difficult>0</difficult>
		<bndbox>
			<xmin>207</xmin>
			<ymin>113</ymin>
			<xmax>317</xmax>
			<ymax>227</ymax>
		</bndbox>
	</object>
</annotation>
