<annotation verified="yes">
	<folder>hardhat-train</folder>
	<filename>3237558402_a43aa2b293.jpg</filename>
	<path>E:\Development\Python\HardHatDetector\hardhat-train\3237558402_a43aa2b293.jpg</path>
	<source>
		<database>Unknown</database>
	</source>
	<size>
		<width>500</width>
		<height>375</height>
		<depth>3</depth>
	</size>
	<segmented>0</segmented>
	<object>
		<name>person hardhat</name>
		<pose>Unspecified</pose>
		<truncated>0</truncated>
		<difficult>0</difficult>
		<bndbox>
			<xmin>67</xmin>
			<ymin>167</ymin>
			<xmax>88</xmax>
			<ymax>197</ymax>
		</bndbox>
	</object>
	<object>
		<name>person hardhat</name>
		<pose>Unspecified</pose>
		<truncated>0</truncated>
		<difficult>0</difficult>
		<bndbox>
			<xmin>269</xmin>
			<ymin>164</ymin>
			<xmax>292</xmax>
			<ymax>192</ymax>
		</bndbox>
	</object>
	<object>
		<name>person hardhat</name>
		<pose>Unspecified</pose>
		<truncated>0</truncated>
		<difficult>0</difficult>
		<bndbox>
			<xmin>354</xmin>
			<ymin>162</ymin>
			<xmax>381</xmax>
			<ymax>195</ymax>
		</bndbox>
	</object>
	<object>
		<name>person hardhat</name>
		<pose>Unspecified</pose>
		<truncated>0</truncated>
		<difficult>0</difficult>
		<bndbox>
			<xmin>417</xmin>
			<ymin>161</ymin>
			<xmax>447</xmax>
			<ymax>196</ymax>
		</bndbox>
	</object>
</annotation>
