<annotation verified="yes">
	<folder>hardhat-train</folder>
	<filename>3238600757_9770fd737a.jpg</filename>
	<path>E:\Development\Python\HardHatDetector\hardhat-train\3238600757_9770fd737a.jpg</path>
	<source>
		<database>Unknown</database>
	</source>
	<size>
		<width>375</width>
		<height>500</height>
		<depth>3</depth>
	</size>
	<segmented>0</segmented>
	<object>
		<name>person hardhat</name>
		<pose>Unspecified</pose>
		<truncated>0</truncated>
		<difficult>0</difficult>
		<bndbox>
			<xmin>146</xmin>
			<ymin>29</ymin>
			<xmax>209</xmax>
			<ymax>120</ymax>
		</bndbox>
	</object>
</annotation>
