<annotation verified="yes">
	<folder>hardhat-train</folder>
	<filename>3238621207_3ca10af454.jpg</filename>
	<path>E:\Development\Python\HardHatDetector\hardhat-train\3238621207_3ca10af454.jpg</path>
	<source>
		<database>Unknown</database>
	</source>
	<size>
		<width>360</width>
		<height>500</height>
		<depth>3</depth>
	</size>
	<segmented>0</segmented>
	<object>
		<name>person hardhat</name>
		<pose>Unspecified</pose>
		<truncated>0</truncated>
		<difficult>0</difficult>
		<bndbox>
			<xmin>143</xmin>
			<ymin>114</ymin>
			<xmax>185</xmax>
			<ymax>160</ymax>
		</bndbox>
	</object>
</annotation>
