<annotation verified="yes">
	<folder>hardhat-train</folder>
	<filename>3246041345_72ce06af82.jpg</filename>
	<path>E:\Development\Python\HardHatDetector\hardhat-train\3246041345_72ce06af82.jpg</path>
	<source>
		<database>Unknown</database>
	</source>
	<size>
		<width>333</width>
		<height>499</height>
		<depth>3</depth>
	</size>
	<segmented>0</segmented>
	<object>
		<name>person hardhat</name>
		<pose>Unspecified</pose>
		<truncated>0</truncated>
		<difficult>0</difficult>
		<bndbox>
			<xmin>115</xmin>
			<ymin>106</ymin>
			<xmax>225</xmax>
			<ymax>228</ymax>
		</bndbox>
	</object>
</annotation>
