<annotation verified="yes">
	<folder>hardhat-train</folder>
	<filename>324839587_ba19a0e948.jpg</filename>
	<path>E:\Development\Python\HardHatDetector\hardhat-train\324839587_ba19a0e948.jpg</path>
	<source>
		<database>Unknown</database>
	</source>
	<size>
		<width>500</width>
		<height>375</height>
		<depth>3</depth>
	</size>
	<segmented>0</segmented>
	<object>
		<name>person hardhat</name>
		<pose>Unspecified</pose>
		<truncated>0</truncated>
		<difficult>0</difficult>
		<bndbox>
			<xmin>116</xmin>
			<ymin>51</ymin>
			<xmax>227</xmax>
			<ymax>186</ymax>
		</bndbox>
	</object>
	<object>
		<name>person hardhat</name>
		<pose>Unspecified</pose>
		<truncated>0</truncated>
		<difficult>0</difficult>
		<bndbox>
			<xmin>331</xmin>
			<ymin>15</ymin>
			<xmax>434</xmax>
			<ymax>144</ymax>
		</bndbox>
	</object>
</annotation>
