<annotation verified="yes">
	<folder>hardhat-train</folder>
	<filename>3248297997_fac8aaba73.jpg</filename>
	<path>E:\Development\Python\HardHatDetector\hardhat-train\3248297997_fac8aaba73.jpg</path>
	<source>
		<database>Unknown</database>
	</source>
	<size>
		<width>334</width>
		<height>500</height>
		<depth>3</depth>
	</size>
	<segmented>0</segmented>
	<object>
		<name>person hardhat</name>
		<pose>Unspecified</pose>
		<truncated>0</truncated>
		<difficult>0</difficult>
		<bndbox>
			<xmin>88</xmin>
			<ymin>108</ymin>
			<xmax>259</xmax>
			<ymax>293</ymax>
		</bndbox>
	</object>
</annotation>
