<annotation verified="yes">
	<folder>hardhat-train</folder>
	<filename>3250314212_c9f5e4fe5c.jpg</filename>
	<path>E:\Development\Python\HardHatDetector\hardhat-train\3250314212_c9f5e4fe5c.jpg</path>
	<source>
		<database>Unknown</database>
	</source>
	<size>
		<width>500</width>
		<height>333</height>
		<depth>3</depth>
	</size>
	<segmented>0</segmented>
	<object>
		<name>person hardhat</name>
		<pose>Unspecified</pose>
		<truncated>0</truncated>
		<difficult>0</difficult>
		<bndbox>
			<xmin>277</xmin>
			<ymin>60</ymin>
			<xmax>465</xmax>
			<ymax>267</ymax>
		</bndbox>
	</object>
</annotation>
