<annotation verified="yes">
	<folder>hardhat-train</folder>
	<filename>3253018307_6c7a4a286d.jpg</filename>
	<path>E:\Development\Python\HardHatDetector\hardhat-train\3253018307_6c7a4a286d.jpg</path>
	<source>
		<database>Unknown</database>
	</source>
	<size>
		<width>500</width>
		<height>375</height>
		<depth>3</depth>
	</size>
	<segmented>0</segmented>
	<object>
		<name>person hardhat</name>
		<pose>Unspecified</pose>
		<truncated>1</truncated>
		<difficult>0</difficult>
		<bndbox>
			<xmin>159</xmin>
			<ymin>1</ymin>
			<xmax>307</xmax>
			<ymax>140</ymax>
		</bndbox>
	</object>
	<object>
		<name>person hardhat</name>
		<pose>Unspecified</pose>
		<truncated>0</truncated>
		<difficult>0</difficult>
		<bndbox>
			<xmin>111</xmin>
			<ymin>61</ymin>
			<xmax>225</xmax>
			<ymax>169</ymax>
		</bndbox>
	</object>
	<object>
		<name>person hardhat</name>
		<pose>Unspecified</pose>
		<truncated>0</truncated>
		<difficult>0</difficult>
		<bndbox>
			<xmin>188</xmin>
			<ymin>165</ymin>
			<xmax>274</xmax>
			<ymax>247</ymax>
		</bndbox>
	</object>
	<object>
		<name>person hardhat</name>
		<pose>Unspecified</pose>
		<truncated>0</truncated>
		<difficult>0</difficult>
		<bndbox>
			<xmin>157</xmin>
			<ymin>250</ymin>
			<xmax>258</xmax>
			<ymax>349</ymax>
		</bndbox>
	</object>
</annotation>
