<annotation verified="yes">
	<folder>hardhat-train</folder>
	<filename>3253018255_95c85928d9.jpg</filename>
	<path>E:\Development\Python\HardHatDetector\hardhat-train\3253018255_95c85928d9.jpg</path>
	<source>
		<database>Unknown</database>
	</source>
	<size>
		<width>500</width>
		<height>375</height>
		<depth>3</depth>
	</size>
	<segmented>0</segmented>
	<object>
		<name>person hardhat</name>
		<pose>Unspecified</pose>
		<truncated>0</truncated>
		<difficult>0</difficult>
		<bndbox>
			<xmin>209</xmin>
			<ymin>105</ymin>
			<xmax>256</xmax>
			<ymax>164</ymax>
		</bndbox>
	</object>
	<object>
		<name>person hardhat</name>
		<pose>Unspecified</pose>
		<truncated>0</truncated>
		<difficult>0</difficult>
		<bndbox>
			<xmin>268</xmin>
			<ymin>96</ymin>
			<xmax>315</xmax>
			<ymax>155</ymax>
		</bndbox>
	</object>
</annotation>
