<annotation verified="yes">
	<folder>hardhat-train</folder>
	<filename>3261133611_0ec10b175c.jpg</filename>
	<path>E:\Development\Python\HardHatDetector\hardhat-train\3261133611_0ec10b175c.jpg</path>
	<source>
		<database>Unknown</database>
	</source>
	<size>
		<width>500</width>
		<height>400</height>
		<depth>3</depth>
	</size>
	<segmented>0</segmented>
	<object>
		<name>person hardhat</name>
		<pose>Unspecified</pose>
		<truncated>0</truncated>
		<difficult>0</difficult>
		<bndbox>
			<xmin>112</xmin>
			<ymin>47</ymin>
			<xmax>349</xmax>
			<ymax>366</ymax>
		</bndbox>
	</object>
</annotation>
