<annotation verified="yes">
	<folder>hardhat-train</folder>
	<filename>3264651743_b36af85376.jpg</filename>
	<path>E:\Development\Python\HardHatDetector\hardhat-train\3264651743_b36af85376.jpg</path>
	<source>
		<database>Unknown</database>
	</source>
	<size>
		<width>499</width>
		<height>333</height>
		<depth>3</depth>
	</size>
	<segmented>0</segmented>
	<object>
		<name>person hardhat</name>
		<pose>Unspecified</pose>
		<truncated>0</truncated>
		<difficult>0</difficult>
		<bndbox>
			<xmin>92</xmin>
			<ymin>75</ymin>
			<xmax>183</xmax>
			<ymax>173</ymax>
		</bndbox>
	</object>
	<object>
		<name>person hardhat</name>
		<pose>Unspecified</pose>
		<truncated>0</truncated>
		<difficult>0</difficult>
		<bndbox>
			<xmin>238</xmin>
			<ymin>69</ymin>
			<xmax>319</xmax>
			<ymax>166</ymax>
		</bndbox>
	</object>
	<object>
		<name>person hardhat</name>
		<pose>Unspecified</pose>
		<truncated>0</truncated>
		<difficult>0</difficult>
		<bndbox>
			<xmin>331</xmin>
			<ymin>100</ymin>
			<xmax>420</xmax>
			<ymax>211</ymax>
		</bndbox>
	</object>
</annotation>
