<annotation verified="yes">
	<folder>hardhat-train</folder>
	<filename>3264604141_7e8d16330e.jpg</filename>
	<path>E:\Development\Python\HardHatDetector\hardhat-train\3264604141_7e8d16330e.jpg</path>
	<source>
		<database>Unknown</database>
	</source>
	<size>
		<width>499</width>
		<height>333</height>
		<depth>3</depth>
	</size>
	<segmented>0</segmented>
	<object>
		<name>person hardhat</name>
		<pose>Unspecified</pose>
		<truncated>0</truncated>
		<difficult>0</difficult>
		<bndbox>
			<xmin>227</xmin>
			<ymin>54</ymin>
			<xmax>304</xmax>
			<ymax>137</ymax>
		</bndbox>
	</object>
	<object>
		<name>person hardhat</name>
		<pose>Unspecified</pose>
		<truncated>0</truncated>
		<difficult>0</difficult>
		<bndbox>
			<xmin>136</xmin>
			<ymin>96</ymin>
			<xmax>181</xmax>
			<ymax>153</ymax>
		</bndbox>
	</object>
</annotation>
