<annotation verified="yes">
	<folder>hardhat-train</folder>
	<filename>3265326730_c161324c02.jpg</filename>
	<path>E:\Development\Python\HardHatDetector\hardhat-train\3265326730_c161324c02.jpg</path>
	<source>
		<database>Unknown</database>
	</source>
	<size>
		<width>499</width>
		<height>333</height>
		<depth>3</depth>
	</size>
	<segmented>0</segmented>
	<object>
		<name>person hardhat</name>
		<pose>Unspecified</pose>
		<truncated>0</truncated>
		<difficult>0</difficult>
		<bndbox>
			<xmin>245</xmin>
			<ymin>61</ymin>
			<xmax>303</xmax>
			<ymax>139</ymax>
		</bndbox>
	</object>
	<object>
		<name>person hardhat</name>
		<pose>Unspecified</pose>
		<truncated>0</truncated>
		<difficult>0</difficult>
		<bndbox>
			<xmin>55</xmin>
			<ymin>79</ymin>
			<xmax>177</xmax>
			<ymax>229</ymax>
		</bndbox>
	</object>
	<object>
		<name>person hardhat</name>
		<pose>Unspecified</pose>
		<truncated>1</truncated>
		<difficult>0</difficult>
		<bndbox>
			<xmin>392</xmin>
			<ymin>63</ymin>
			<xmax>499</xmax>
			<ymax>240</ymax>
		</bndbox>
	</object>
</annotation>
