<annotation verified="yes">
	<folder>hardhat-train</folder>
	<filename>3265292540_7efbc2aa81.jpg</filename>
	<path>E:\Development\Python\HardHatDetector\hardhat-train\3265292540_7efbc2aa81.jpg</path>
	<source>
		<database>Unknown</database>
	</source>
	<size>
		<width>500</width>
		<height>375</height>
		<depth>3</depth>
	</size>
	<segmented>0</segmented>
	<object>
		<name>person hardhat</name>
		<pose>Unspecified</pose>
		<truncated>0</truncated>
		<difficult>0</difficult>
		<bndbox>
			<xmin>120</xmin>
			<ymin>58</ymin>
			<xmax>182</xmax>
			<ymax>122</ymax>
		</bndbox>
	</object>
	<object>
		<name>person hardhat</name>
		<pose>Unspecified</pose>
		<truncated>0</truncated>
		<difficult>0</difficult>
		<bndbox>
			<xmin>358</xmin>
			<ymin>91</ymin>
			<xmax>395</xmax>
			<ymax>136</ymax>
		</bndbox>
	</object>
</annotation>
