<annotation verified="yes">
	<folder>hardhat-train</folder>
	<filename>3265410436_cd78843403.jpg</filename>
	<path>E:\Development\Python\HardHatDetector\hardhat-train\3265410436_cd78843403.jpg</path>
	<source>
		<database>Unknown</database>
	</source>
	<size>
		<width>499</width>
		<height>333</height>
		<depth>3</depth>
	</size>
	<segmented>0</segmented>
	<object>
		<name>person hardhat</name>
		<pose>Unspecified</pose>
		<truncated>0</truncated>
		<difficult>0</difficult>
		<bndbox>
			<xmin>177</xmin>
			<ymin>38</ymin>
			<xmax>298</xmax>
			<ymax>186</ymax>
		</bndbox>
	</object>
	<object>
		<name>person hardhat</name>
		<pose>Unspecified</pose>
		<truncated>0</truncated>
		<difficult>0</difficult>
		<bndbox>
			<xmin>311</xmin>
			<ymin>37</ymin>
			<xmax>400</xmax>
			<ymax>131</ymax>
		</bndbox>
	</object>
</annotation>
