<annotation verified="yes">
	<folder>hardhat-train</folder>
	<filename>3265422400_14b71358de.jpg</filename>
	<path>E:\Development\Python\HardHatDetector\hardhat-train\3265422400_14b71358de.jpg</path>
	<source>
		<database>Unknown</database>
	</source>
	<size>
		<width>499</width>
		<height>333</height>
		<depth>3</depth>
	</size>
	<segmented>0</segmented>
	<object>
		<name>person hardhat</name>
		<pose>Unspecified</pose>
		<truncated>0</truncated>
		<difficult>0</difficult>
		<bndbox>
			<xmin>256</xmin>
			<ymin>104</ymin>
			<xmax>343</xmax>
			<ymax>210</ymax>
		</bndbox>
	</object>
	<object>
		<name>person hardhat</name>
		<pose>Unspecified</pose>
		<truncated>0</truncated>
		<difficult>0</difficult>
		<bndbox>
			<xmin>367</xmin>
			<ymin>75</ymin>
			<xmax>437</xmax>
			<ymax>149</ymax>
		</bndbox>
	</object>
	<object>
		<name>person hardhat</name>
		<pose>Unspecified</pose>
		<truncated>1</truncated>
		<difficult>0</difficult>
		<bndbox>
			<xmin>1</xmin>
			<ymin>79</ymin>
			<xmax>65</xmax>
			<ymax>192</ymax>
		</bndbox>
	</object>
</annotation>
