<annotation verified="yes">
	<folder>hardhat-train</folder>
	<filename>3265329800_f0d7921741.jpg</filename>
	<path>E:\Development\Python\HardHatDetector\hardhat-train\3265329800_f0d7921741.jpg</path>
	<source>
		<database>Unknown</database>
	</source>
	<size>
		<width>499</width>
		<height>333</height>
		<depth>3</depth>
	</size>
	<segmented>0</segmented>
	<object>
		<name>person hardhat</name>
		<pose>Unspecified</pose>
		<truncated>0</truncated>
		<difficult>0</difficult>
		<bndbox>
			<xmin>12</xmin>
			<ymin>55</ymin>
			<xmax>185</xmax>
			<ymax>279</ymax>
		</bndbox>
	</object>
	<object>
		<name>person hardhat</name>
		<pose>Unspecified</pose>
		<truncated>0</truncated>
		<difficult>0</difficult>
		<bndbox>
			<xmin>231</xmin>
			<ymin>64</ymin>
			<xmax>306</xmax>
			<ymax>149</ymax>
		</bndbox>
	</object>
	<object>
		<name>person hardhat</name>
		<pose>Unspecified</pose>
		<truncated>0</truncated>
		<difficult>0</difficult>
		<bndbox>
			<xmin>359</xmin>
			<ymin>81</ymin>
			<xmax>427</xmax>
			<ymax>148</ymax>
		</bndbox>
	</object>
	<object>
		<name>person hardhat</name>
		<pose>Unspecified</pose>
		<truncated>0</truncated>
		<difficult>0</difficult>
		<bndbox>
			<xmin>360</xmin>
			<ymin>145</ymin>
			<xmax>462</xmax>
			<ymax>247</ymax>
		</bndbox>
	</object>
	<object>
		<name>person hardhat</name>
		<pose>Unspecified</pose>
		<truncated>0</truncated>
		<difficult>0</difficult>
		<bndbox>
			<xmin>201</xmin>
			<ymin>41</ymin>
			<xmax>259</xmax>
			<ymax>107</ymax>
		</bndbox>
	</object>
</annotation>
