<annotation verified="yes">
	<folder>hardhat-train</folder>
	<filename>3267335944_b8e8555d1a.jpg</filename>
	<path>E:\Development\Python\HardHatDetector\hardhat-train\3267335944_b8e8555d1a.jpg</path>
	<source>
		<database>Unknown</database>
	</source>
	<size>
		<width>500</width>
		<height>375</height>
		<depth>3</depth>
	</size>
	<segmented>0</segmented>
	<object>
		<name>person hardhat</name>
		<pose>Unspecified</pose>
		<truncated>0</truncated>
		<difficult>0</difficult>
		<bndbox>
			<xmin>132</xmin>
			<ymin>58</ymin>
			<xmax>175</xmax>
			<ymax>116</ymax>
		</bndbox>
	</object>
	<object>
		<name>person hardhat</name>
		<pose>Unspecified</pose>
		<truncated>0</truncated>
		<difficult>0</difficult>
		<bndbox>
			<xmin>224</xmin>
			<ymin>69</ymin>
			<xmax>250</xmax>
			<ymax>106</ymax>
		</bndbox>
	</object>
	<object>
		<name>person hardhat</name>
		<pose>Unspecified</pose>
		<truncated>0</truncated>
		<difficult>0</difficult>
		<bndbox>
			<xmin>263</xmin>
			<ymin>58</ymin>
			<xmax>310</xmax>
			<ymax>123</ymax>
		</bndbox>
	</object>
	<object>
		<name>person hardhat</name>
		<pose>Unspecified</pose>
		<truncated>0</truncated>
		<difficult>0</difficult>
		<bndbox>
			<xmin>323</xmin>
			<ymin>67</ymin>
			<xmax>343</xmax>
			<ymax>96</ymax>
		</bndbox>
	</object>
	<object>
		<name>person hardhat</name>
		<pose>Unspecified</pose>
		<truncated>0</truncated>
		<difficult>0</difficult>
		<bndbox>
			<xmin>346</xmin>
			<ymin>23</ymin>
			<xmax>475</xmax>
			<ymax>152</ymax>
		</bndbox>
	</object>
</annotation>
