<annotation verified="yes">
	<folder>hardhat-train</folder>
	<filename>3267339834_6a78b83e3f.jpg</filename>
	<path>E:\Development\Python\HardHatDetector\hardhat-train\3267339834_6a78b83e3f.jpg</path>
	<source>
		<database>Unknown</database>
	</source>
	<size>
		<width>500</width>
		<height>375</height>
		<depth>3</depth>
	</size>
	<segmented>0</segmented>
	<object>
		<name>person hardhat</name>
		<pose>Unspecified</pose>
		<truncated>0</truncated>
		<difficult>0</difficult>
		<bndbox>
			<xmin>107</xmin>
			<ymin>24</ymin>
			<xmax>264</xmax>
			<ymax>193</ymax>
		</bndbox>
	</object>
</annotation>
