<annotation verified="yes">
	<folder>hardhat-train</folder>
	<filename>3280786227_71c87f99e3.jpg</filename>
	<path>E:\Development\Python\HardHatDetector\hardhat-train\3280786227_71c87f99e3.jpg</path>
	<source>
		<database>Unknown</database>
	</source>
	<size>
		<width>500</width>
		<height>375</height>
		<depth>3</depth>
	</size>
	<segmented>0</segmented>
	<object>
		<name>person hardhat</name>
		<pose>Unspecified</pose>
		<truncated>0</truncated>
		<difficult>0</difficult>
		<bndbox>
			<xmin>108</xmin>
			<ymin>41</ymin>
			<xmax>182</xmax>
			<ymax>133</ymax>
		</bndbox>
	</object>
	<object>
		<name>person hardhat</name>
		<pose>Unspecified</pose>
		<truncated>0</truncated>
		<difficult>0</difficult>
		<bndbox>
			<xmin>195</xmin>
			<ymin>51</ymin>
			<xmax>258</xmax>
			<ymax>138</ymax>
		</bndbox>
	</object>
	<object>
		<name>person hardhat</name>
		<pose>Unspecified</pose>
		<truncated>0</truncated>
		<difficult>0</difficult>
		<bndbox>
			<xmin>301</xmin>
			<ymin>20</ymin>
			<xmax>375</xmax>
			<ymax>110</ymax>
		</bndbox>
	</object>
	<object>
		<name>person hardhat</name>
		<pose>Unspecified</pose>
		<truncated>0</truncated>
		<difficult>0</difficult>
		<bndbox>
			<xmin>259</xmin>
			<ymin>50</ymin>
			<xmax>317</xmax>
			<ymax>130</ymax>
		</bndbox>
	</object>
</annotation>
