<annotation verified="yes">
	<folder>hardhat-train</folder>
	<filename>3292494145_23ef1436f7.jpg</filename>
	<path>E:\Development\Python\HardHatDetector\hardhat-train\3292494145_23ef1436f7.jpg</path>
	<source>
		<database>Unknown</database>
	</source>
	<size>
		<width>375</width>
		<height>500</height>
		<depth>3</depth>
	</size>
	<segmented>0</segmented>
	<object>
		<name>person hardhat</name>
		<pose>Unspecified</pose>
		<truncated>0</truncated>
		<difficult>0</difficult>
		<bndbox>
			<xmin>136</xmin>
			<ymin>116</ymin>
			<xmax>345</xmax>
			<ymax>389</ymax>
		</bndbox>
	</object>
</annotation>
