<annotation verified="yes">
	<folder>hardhat-train</folder>
	<filename>3292903625_e8058b5389.jpg</filename>
	<path>E:\Development\Python\HardHatDetector\hardhat-train\3292903625_e8058b5389.jpg</path>
	<source>
		<database>Unknown</database>
	</source>
	<size>
		<width>499</width>
		<height>333</height>
		<depth>3</depth>
	</size>
	<segmented>0</segmented>
	<object>
		<name>person hardhat</name>
		<pose>Unspecified</pose>
		<truncated>0</truncated>
		<difficult>0</difficult>
		<bndbox>
			<xmin>271</xmin>
			<ymin>18</ymin>
			<xmax>372</xmax>
			<ymax>152</ymax>
		</bndbox>
	</object>
</annotation>
