<annotation verified="yes">
	<folder>hardhat-train</folder>
	<filename>3293729140_77488af256.jpg</filename>
	<path>E:\Development\Python\HardHatDetector\hardhat-train\3293729140_77488af256.jpg</path>
	<source>
		<database>Unknown</database>
	</source>
	<size>
		<width>339</width>
		<height>499</height>
		<depth>3</depth>
	</size>
	<segmented>0</segmented>
	<object>
		<name>person hardhat</name>
		<pose>Unspecified</pose>
		<truncated>0</truncated>
		<difficult>0</difficult>
		<bndbox>
			<xmin>105</xmin>
			<ymin>66</ymin>
			<xmax>211</xmax>
			<ymax>232</ymax>
		</bndbox>
	</object>
</annotation>
