<annotation verified="yes">
	<folder>hardhat-train</folder>
	<filename>3295106564_ef43e96c07.jpg</filename>
	<path>E:\Development\Python\HardHatDetector\hardhat-train\3295106564_ef43e96c07.jpg</path>
	<source>
		<database>Unknown</database>
	</source>
	<size>
		<width>500</width>
		<height>427</height>
		<depth>3</depth>
	</size>
	<segmented>0</segmented>
	<object>
		<name>person hardhat</name>
		<pose>Unspecified</pose>
		<truncated>0</truncated>
		<difficult>0</difficult>
		<bndbox>
			<xmin>297</xmin>
			<ymin>135</ymin>
			<xmax>357</xmax>
			<ymax>205</ymax>
		</bndbox>
	</object>
	<object>
		<name>person hardhat</name>
		<pose>Unspecified</pose>
		<truncated>0</truncated>
		<difficult>0</difficult>
		<bndbox>
			<xmin>357</xmin>
			<ymin>63</ymin>
			<xmax>408</xmax>
			<ymax>143</ymax>
		</bndbox>
	</object>
	<object>
		<name>person hardhat</name>
		<pose>Unspecified</pose>
		<truncated>0</truncated>
		<difficult>0</difficult>
		<bndbox>
			<xmin>248</xmin>
			<ymin>267</ymin>
			<xmax>324</xmax>
			<ymax>348</ymax>
		</bndbox>
	</object>
</annotation>
