<annotation verified="yes">
	<folder>hardhat-train</folder>
	<filename>3296620020_4b3b769604.jpg</filename>
	<path>E:\Development\Python\HardHatDetector\hardhat-train\3296620020_4b3b769604.jpg</path>
	<source>
		<database>Unknown</database>
	</source>
	<size>
		<width>500</width>
		<height>465</height>
		<depth>3</depth>
	</size>
	<segmented>0</segmented>
	<object>
		<name>person hardhat</name>
		<pose>Unspecified</pose>
		<truncated>0</truncated>
		<difficult>0</difficult>
		<bndbox>
			<xmin>321</xmin>
			<ymin>4</ymin>
			<xmax>385</xmax>
			<ymax>70</ymax>
		</bndbox>
	</object>
	<object>
		<name>person hardhat</name>
		<pose>Unspecified</pose>
		<truncated>0</truncated>
		<difficult>0</difficult>
		<bndbox>
			<xmin>211</xmin>
			<ymin>44</ymin>
			<xmax>264</xmax>
			<ymax>97</ymax>
		</bndbox>
	</object>
</annotation>
