<annotation verified="yes">
	<folder>hardhat-train</folder>
	<filename>3299104004_2bf9d8d762.jpg</filename>
	<path>E:\Development\Python\HardHatDetector\hardhat-train\3299104004_2bf9d8d762.jpg</path>
	<source>
		<database>Unknown</database>
	</source>
	<size>
		<width>500</width>
		<height>374</height>
		<depth>3</depth>
	</size>
	<segmented>0</segmented>
	<object>
		<name>person hardhat</name>
		<pose>Unspecified</pose>
		<truncated>0</truncated>
		<difficult>0</difficult>
		<bndbox>
			<xmin>220</xmin>
			<ymin>122</ymin>
			<xmax>299</xmax>
			<ymax>212</ymax>
		</bndbox>
	</object>
	<object>
		<name>person hardhat</name>
		<pose>Unspecified</pose>
		<truncated>0</truncated>
		<difficult>0</difficult>
		<bndbox>
			<xmin>330</xmin>
			<ymin>123</ymin>
			<xmax>433</xmax>
			<ymax>215</ymax>
		</bndbox>
	</object>
	<object>
		<name>person hardhat</name>
		<pose>Unspecified</pose>
		<truncated>0</truncated>
		<difficult>0</difficult>
		<bndbox>
			<xmin>324</xmin>
			<ymin>65</ymin>
			<xmax>411</xmax>
			<ymax>146</ymax>
		</bndbox>
	</object>
</annotation>
