<annotation verified="yes">
	<folder>hardhat-train</folder>
	<filename>3305518767_f0c06c1154.jpg</filename>
	<path>E:\Development\Python\HardHatDetector\hardhat-train\3305518767_f0c06c1154.jpg</path>
	<source>
		<database>Unknown</database>
	</source>
	<size>
		<width>500</width>
		<height>334</height>
		<depth>3</depth>
	</size>
	<segmented>0</segmented>
	<object>
		<name>person hardhat</name>
		<pose>Unspecified</pose>
		<truncated>0</truncated>
		<difficult>0</difficult>
		<bndbox>
			<xmin>81</xmin>
			<ymin>20</ymin>
			<xmax>192</xmax>
			<ymax>159</ymax>
		</bndbox>
	</object>
</annotation>
