<annotation verified="yes">
	<folder>hardhat-train</folder>
	<filename>3306824776_0c828379cc.jpg</filename>
	<path>E:\Development\Python\HardHatDetector\hardhat-train\3306824776_0c828379cc.jpg</path>
	<source>
		<database>Unknown</database>
	</source>
	<size>
		<width>333</width>
		<height>500</height>
		<depth>3</depth>
	</size>
	<segmented>0</segmented>
	<object>
		<name>person hardhat</name>
		<pose>Unspecified</pose>
		<truncated>0</truncated>
		<difficult>0</difficult>
		<bndbox>
			<xmin>31</xmin>
			<ymin>113</ymin>
			<xmax>169</xmax>
			<ymax>279</ymax>
		</bndbox>
	</object>
	<object>
		<name>person hardhat</name>
		<pose>Unspecified</pose>
		<truncated>0</truncated>
		<difficult>0</difficult>
		<bndbox>
			<xmin>187</xmin>
			<ymin>58</ymin>
			<xmax>320</xmax>
			<ymax>232</ymax>
		</bndbox>
	</object>
</annotation>
