<annotation verified="yes">
	<folder>hardhat-train</folder>
	<filename>3307398117_7b1147c4ee.jpg</filename>
	<path>E:\Development\Python\HardHatDetector\hardhat-train\3307398117_7b1147c4ee.jpg</path>
	<source>
		<database>Unknown</database>
	</source>
	<size>
		<width>375</width>
		<height>500</height>
		<depth>3</depth>
	</size>
	<segmented>0</segmented>
	<object>
		<name>person hardhat</name>
		<pose>Unspecified</pose>
		<truncated>0</truncated>
		<difficult>0</difficult>
		<bndbox>
			<xmin>96</xmin>
			<ymin>19</ymin>
			<xmax>252</xmax>
			<ymax>253</ymax>
		</bndbox>
	</object>
</annotation>
