<annotation verified="yes">
	<folder>hardhat-train</folder>
	<filename>3321180115_c61e8feaa7.jpg</filename>
	<path>E:\Development\Python\HardHatDetector\hardhat-train\3321180115_c61e8feaa7.jpg</path>
	<source>
		<database>Unknown</database>
	</source>
	<size>
		<width>377</width>
		<height>499</height>
		<depth>3</depth>
	</size>
	<segmented>0</segmented>
	<object>
		<name>person hardhat</name>
		<pose>Unspecified</pose>
		<truncated>0</truncated>
		<difficult>0</difficult>
		<bndbox>
			<xmin>201</xmin>
			<ymin>192</ymin>
			<xmax>297</xmax>
			<ymax>323</ymax>
		</bndbox>
	</object>
	<object>
		<name>person hardhat</name>
		<pose>Unspecified</pose>
		<truncated>0</truncated>
		<difficult>0</difficult>
		<bndbox>
			<xmin>113</xmin>
			<ymin>89</ymin>
			<xmax>221</xmax>
			<ymax>224</ymax>
		</bndbox>
	</object>
</annotation>
