<annotation verified="yes">
	<folder>hardhat-train</folder>
	<filename>3332720734_973eb12f76.jpg</filename>
	<path>E:\Development\Python\HardHatDetector\hardhat-train\3332720734_973eb12f76.jpg</path>
	<source>
		<database>Unknown</database>
	</source>
	<size>
		<width>375</width>
		<height>500</height>
		<depth>3</depth>
	</size>
	<segmented>0</segmented>
	<object>
		<name>person hardhat</name>
		<pose>Unspecified</pose>
		<truncated>0</truncated>
		<difficult>0</difficult>
		<bndbox>
			<xmin>236</xmin>
			<ymin>254</ymin>
			<xmax>255</xmax>
			<ymax>280</ymax>
		</bndbox>
	</object>
	<object>
		<name>person hardhat</name>
		<pose>Unspecified</pose>
		<truncated>0</truncated>
		<difficult>0</difficult>
		<bndbox>
			<xmin>279</xmin>
			<ymin>259</ymin>
			<xmax>299</xmax>
			<ymax>288</ymax>
		</bndbox>
	</object>
</annotation>
