<annotation verified="yes">
	<folder>hardhat-train</folder>
	<filename>3337264295_20434a3fea.jpg</filename>
	<path>E:\Development\Python\HardHatDetector\hardhat-train\3337264295_20434a3fea.jpg</path>
	<source>
		<database>Unknown</database>
	</source>
	<size>
		<width>375</width>
		<height>500</height>
		<depth>3</depth>
	</size>
	<segmented>0</segmented>
	<object>
		<name>person hardhat</name>
		<pose>Unspecified</pose>
		<truncated>0</truncated>
		<difficult>0</difficult>
		<bndbox>
			<xmin>137</xmin>
			<ymin>279</ymin>
			<xmax>164</xmax>
			<ymax>304</ymax>
		</bndbox>
	</object>
	<object>
		<name>person hardhat</name>
		<pose>Unspecified</pose>
		<truncated>0</truncated>
		<difficult>0</difficult>
		<bndbox>
			<xmin>244</xmin>
			<ymin>252</ymin>
			<xmax>270</xmax>
			<ymax>287</ymax>
		</bndbox>
	</object>
</annotation>
