<annotation>
	<folder>hardhat-train</folder>
	<filename>3383789999_5a66913deb.jpg</filename>
	<path>E:\Development\Python\HardHatDetector\hardhat-train\3383789999_5a66913deb.jpg</path>
	<source>
		<database>Unknown</database>
	</source>
	<size>
		<width>499</width>
		<height>332</height>
		<depth>3</depth>
	</size>
	<segmented>0</segmented>
	<object>
		<name>person hardhat</name>
		<pose>Unspecified</pose>
		<truncated>0</truncated>
		<difficult>0</difficult>
		<bndbox>
			<xmin>238</xmin>
			<ymin>25</ymin>
			<xmax>343</xmax>
			<ymax>128</ymax>
		</bndbox>
	</object>
	<object>
		<name>person hardhat</name>
		<pose>Unspecified</pose>
		<truncated>0</truncated>
		<difficult>0</difficult>
		<bndbox>
			<xmin>157</xmin>
			<ymin>46</ymin>
			<xmax>250</xmax>
			<ymax>138</ymax>
		</bndbox>
	</object>
</annotation>
