<annotation verified="yes">
	<folder>hardhat-train</folder>
	<filename>3390022428_92235229d0.jpg</filename>
	<path>E:\Development\Python\HardHatDetector\hardhat-train\3390022428_92235229d0.jpg</path>
	<source>
		<database>Unknown</database>
	</source>
	<size>
		<width>500</width>
		<height>335</height>
		<depth>3</depth>
	</size>
	<segmented>0</segmented>
	<object>
		<name>person hardhat</name>
		<pose>Unspecified</pose>
		<truncated>0</truncated>
		<difficult>0</difficult>
		<bndbox>
			<xmin>229</xmin>
			<ymin>91</ymin>
			<xmax>296</xmax>
			<ymax>167</ymax>
		</bndbox>
	</object>
</annotation>
