<annotation verified="yes">
	<folder>hardhat-train</folder>
	<filename>3408689811_e7bcb4a417.jpg</filename>
	<path>E:\Development\Python\HardHatDetector\hardhat-train\3408689811_e7bcb4a417.jpg</path>
	<source>
		<database>Unknown</database>
	</source>
	<size>
		<width>500</width>
		<height>375</height>
		<depth>1</depth>
	</size>
	<segmented>0</segmented>
	<object>
		<name>person hardhat</name>
		<pose>Unspecified</pose>
		<truncated>0</truncated>
		<difficult>0</difficult>
		<bndbox>
			<xmin>344</xmin>
			<ymin>93</ymin>
			<xmax>402</xmax>
			<ymax>152</ymax>
		</bndbox>
	</object>
</annotation>
