<annotation verified="yes">
	<folder>hardhat-train</folder>
	<filename>3429363140_2a0f5671f6.jpg</filename>
	<path>E:\Development\Python\HardHatDetector\hardhat-train\3429363140_2a0f5671f6.jpg</path>
	<source>
		<database>Unknown</database>
	</source>
	<size>
		<width>500</width>
		<height>375</height>
		<depth>3</depth>
	</size>
	<segmented>0</segmented>
	<object>
		<name>person hardhat</name>
		<pose>Unspecified</pose>
		<truncated>0</truncated>
		<difficult>0</difficult>
		<bndbox>
			<xmin>235</xmin>
			<ymin>46</ymin>
			<xmax>373</xmax>
			<ymax>242</ymax>
		</bndbox>
	</object>
</annotation>
