<annotation verified="yes">
	<folder>hardhat-train</folder>
	<filename>3431257568_9d919b9de2.jpg</filename>
	<path>E:\Development\Python\HardHatDetector\hardhat-train\3431257568_9d919b9de2.jpg</path>
	<source>
		<database>Unknown</database>
	</source>
	<size>
		<width>332</width>
		<height>499</height>
		<depth>3</depth>
	</size>
	<segmented>0</segmented>
	<object>
		<name>person hardhat</name>
		<pose>Unspecified</pose>
		<truncated>0</truncated>
		<difficult>0</difficult>
		<bndbox>
			<xmin>222</xmin>
			<ymin>256</ymin>
			<xmax>315</xmax>
			<ymax>349</ymax>
		</bndbox>
	</object>
	<object>
		<name>person hardhat</name>
		<pose>Unspecified</pose>
		<truncated>0</truncated>
		<difficult>0</difficult>
		<bndbox>
			<xmin>52</xmin>
			<ymin>251</ymin>
			<xmax>134</xmax>
			<ymax>337</ymax>
		</bndbox>
	</object>
</annotation>
