<annotation verified="yes">
	<folder>hardhat-train</folder>
	<filename>3431871800_8f33792e1d.jpg</filename>
	<path>E:\Development\Python\HardHatDetector\hardhat-train\3431871800_8f33792e1d.jpg</path>
	<source>
		<database>Unknown</database>
	</source>
	<size>
		<width>333</width>
		<height>499</height>
		<depth>3</depth>
	</size>
	<segmented>0</segmented>
	<object>
		<name>person hardhat</name>
		<pose>Unspecified</pose>
		<truncated>0</truncated>
		<difficult>0</difficult>
		<bndbox>
			<xmin>28</xmin>
			<ymin>35</ymin>
			<xmax>294</xmax>
			<ymax>412</ymax>
		</bndbox>
	</object>
</annotation>
