<annotation verified="yes">
	<folder>hardhat-train</folder>
	<filename>3457456719_27c6778d25.jpg</filename>
	<path>E:\Development\Python\HardHatDetector\hardhat-train\3457456719_27c6778d25.jpg</path>
	<source>
		<database>Unknown</database>
	</source>
	<size>
		<width>375</width>
		<height>500</height>
		<depth>3</depth>
	</size>
	<segmented>0</segmented>
	<object>
		<name>person hardhat</name>
		<pose>Unspecified</pose>
		<truncated>0</truncated>
		<difficult>0</difficult>
		<bndbox>
			<xmin>171</xmin>
			<ymin>50</ymin>
			<xmax>234</xmax>
			<ymax>121</ymax>
		</bndbox>
	</object>
</annotation>
