<annotation verified="yes">
	<folder>hardhat-train</folder>
	<filename>3481068109_9a3f14e66b.jpg</filename>
	<path>E:\Development\Python\HardHatDetector\hardhat-train\3481068109_9a3f14e66b.jpg</path>
	<source>
		<database>Unknown</database>
	</source>
	<size>
		<width>333</width>
		<height>500</height>
		<depth>3</depth>
	</size>
	<segmented>0</segmented>
	<object>
		<name>person hardhat</name>
		<pose>Unspecified</pose>
		<truncated>0</truncated>
		<difficult>0</difficult>
		<bndbox>
			<xmin>86</xmin>
			<ymin>17</ymin>
			<xmax>142</xmax>
			<ymax>96</ymax>
		</bndbox>
	</object>
</annotation>
