<annotation verified="yes">
	<folder>hardhat-train</folder>
	<filename>3483337379_dcbd60e0d0.jpg</filename>
	<path>E:\Development\Python\HardHatDetector\hardhat-train\3483337379_dcbd60e0d0.jpg</path>
	<source>
		<database>Unknown</database>
	</source>
	<size>
		<width>500</width>
		<height>334</height>
		<depth>3</depth>
	</size>
	<segmented>0</segmented>
	<object>
		<name>person hardhat</name>
		<pose>Unspecified</pose>
		<truncated>1</truncated>
		<difficult>0</difficult>
		<bndbox>
			<xmin>126</xmin>
			<ymin>1</ymin>
			<xmax>494</xmax>
			<ymax>278</ymax>
		</bndbox>
	</object>
</annotation>
