<annotation verified="yes">
	<folder>hardhat-train</folder>
	<filename>3483670180_6924cb9bfb.jpg</filename>
	<path>E:\Development\Python\HardHatDetector\hardhat-train\3483670180_6924cb9bfb.jpg</path>
	<source>
		<database>Unknown</database>
	</source>
	<size>
		<width>499</width>
		<height>332</height>
		<depth>3</depth>
	</size>
	<segmented>0</segmented>
	<object>
		<name>person hardhat</name>
		<pose>Unspecified</pose>
		<truncated>0</truncated>
		<difficult>0</difficult>
		<bndbox>
			<xmin>324</xmin>
			<ymin>63</ymin>
			<xmax>418</xmax>
			<ymax>166</ymax>
		</bndbox>
	</object>
	<object>
		<name>person hardhat</name>
		<pose>Unspecified</pose>
		<truncated>0</truncated>
		<difficult>0</difficult>
		<bndbox>
			<xmin>238</xmin>
			<ymin>125</ymin>
			<xmax>292</xmax>
			<ymax>185</ymax>
		</bndbox>
	</object>
	<object>
		<name>person hardhat</name>
		<pose>Unspecified</pose>
		<truncated>0</truncated>
		<difficult>0</difficult>
		<bndbox>
			<xmin>51</xmin>
			<ymin>60</ymin>
			<xmax>156</xmax>
			<ymax>168</ymax>
		</bndbox>
	</object>
</annotation>
