<annotation verified="yes">
	<folder>hardhat-train</folder>
	<filename>3485468332_65d305db40.jpg</filename>
	<path>E:\Development\Python\HardHatDetector\hardhat-train\3485468332_65d305db40.jpg</path>
	<source>
		<database>Unknown</database>
	</source>
	<size>
		<width>500</width>
		<height>333</height>
		<depth>3</depth>
	</size>
	<segmented>0</segmented>
	<object>
		<name>person hardhat</name>
		<pose>Unspecified</pose>
		<truncated>0</truncated>
		<difficult>0</difficult>
		<bndbox>
			<xmin>101</xmin>
			<ymin>35</ymin>
			<xmax>214</xmax>
			<ymax>185</ymax>
		</bndbox>
	</object>
	<object>
		<name>person hardhat</name>
		<pose>Unspecified</pose>
		<truncated>0</truncated>
		<difficult>0</difficult>
		<bndbox>
			<xmin>391</xmin>
			<ymin>176</ymin>
			<xmax>406</xmax>
			<ymax>190</ymax>
		</bndbox>
	</object>
</annotation>
