<annotation verified="yes">
	<folder>hardhat-train</folder>
	<filename>3490632569_0629f8e809.jpg</filename>
	<path>E:\Development\Python\HardHatDetector\hardhat-train\3490632569_0629f8e809.jpg</path>
	<source>
		<database>Unknown</database>
	</source>
	<size>
		<width>500</width>
		<height>375</height>
		<depth>3</depth>
	</size>
	<segmented>0</segmented>
	<object>
		<name>person hardhat</name>
		<pose>Unspecified</pose>
		<truncated>0</truncated>
		<difficult>0</difficult>
		<bndbox>
			<xmin>139</xmin>
			<ymin>80</ymin>
			<xmax>197</xmax>
			<ymax>155</ymax>
		</bndbox>
	</object>
	<object>
		<name>person hardhat</name>
		<pose>Unspecified</pose>
		<truncated>0</truncated>
		<difficult>0</difficult>
		<bndbox>
			<xmin>211</xmin>
			<ymin>82</ymin>
			<xmax>262</xmax>
			<ymax>155</ymax>
		</bndbox>
	</object>
	<object>
		<name>person hardhat</name>
		<pose>Unspecified</pose>
		<truncated>0</truncated>
		<difficult>0</difficult>
		<bndbox>
			<xmin>283</xmin>
			<ymin>105</ymin>
			<xmax>338</xmax>
			<ymax>172</ymax>
		</bndbox>
	</object>
</annotation>
