<annotation verified="yes">
	<folder>hardhat-train</folder>
	<filename>3513006428_ed56f8e0b5.jpg</filename>
	<path>E:\Development\Python\HardHatDetector\hardhat-train\3513006428_ed56f8e0b5.jpg</path>
	<source>
		<database>Unknown</database>
	</source>
	<size>
		<width>500</width>
		<height>375</height>
		<depth>3</depth>
	</size>
	<segmented>0</segmented>
	<object>
		<name>person hardhat</name>
		<pose>Unspecified</pose>
		<truncated>0</truncated>
		<difficult>0</difficult>
		<bndbox>
			<xmin>141</xmin>
			<ymin>20</ymin>
			<xmax>219</xmax>
			<ymax>121</ymax>
		</bndbox>
	</object>
</annotation>
