<annotation verified="yes">
	<folder>hardhat-train</folder>
	<filename>3519669073_76381e8010.jpg</filename>
	<path>E:\Development\Python\HardHatDetector\hardhat-train\3519669073_76381e8010.jpg</path>
	<source>
		<database>Unknown</database>
	</source>
	<size>
		<width>333</width>
		<height>499</height>
		<depth>3</depth>
	</size>
	<segmented>0</segmented>
	<object>
		<name>person hardhat</name>
		<pose>Unspecified</pose>
		<truncated>0</truncated>
		<difficult>0</difficult>
		<bndbox>
			<xmin>103</xmin>
			<ymin>35</ymin>
			<xmax>229</xmax>
			<ymax>211</ymax>
		</bndbox>
	</object>
</annotation>
