<annotation verified="yes">
	<folder>hardhat-train</folder>
	<filename>3519674919_cf25041f9a.jpg</filename>
	<path>E:\Development\Python\HardHatDetector\hardhat-train\3519674919_cf25041f9a.jpg</path>
	<source>
		<database>Unknown</database>
	</source>
	<size>
		<width>333</width>
		<height>499</height>
		<depth>3</depth>
	</size>
	<segmented>0</segmented>
	<object>
		<name>person hardhat</name>
		<pose>Unspecified</pose>
		<truncated>0</truncated>
		<difficult>0</difficult>
		<bndbox>
			<xmin>127</xmin>
			<ymin>54</ymin>
			<xmax>286</xmax>
			<ymax>262</ymax>
		</bndbox>
	</object>
</annotation>
