<annotation verified="yes">
	<folder>hardhat-train</folder>
	<filename>3535310848_c3cdd5fde1.jpg</filename>
	<path>E:\Development\Python\HardHatDetector\hardhat-train\3535310848_c3cdd5fde1.jpg</path>
	<source>
		<database>Unknown</database>
	</source>
	<size>
		<width>500</width>
		<height>375</height>
		<depth>3</depth>
	</size>
	<segmented>0</segmented>
	<object>
		<name>person hardhat</name>
		<pose>Unspecified</pose>
		<truncated>0</truncated>
		<difficult>0</difficult>
		<bndbox>
			<xmin>160</xmin>
			<ymin>14</ymin>
			<xmax>221</xmax>
			<ymax>80</ymax>
		</bndbox>
	</object>
	<object>
		<name>person hardhat</name>
		<pose>Unspecified</pose>
		<truncated>0</truncated>
		<difficult>0</difficult>
		<bndbox>
			<xmin>376</xmin>
			<ymin>47</ymin>
			<xmax>437</xmax>
			<ymax>111</ymax>
		</bndbox>
	</object>
</annotation>
