<annotation verified="yes">
	<folder>hardhat-train</folder>
	<filename>3535243212_ec6593a9e7.jpg</filename>
	<path>E:\Development\Python\HardHatDetector\hardhat-train\3535243212_ec6593a9e7.jpg</path>
	<source>
		<database>Unknown</database>
	</source>
	<size>
		<width>500</width>
		<height>375</height>
		<depth>3</depth>
	</size>
	<segmented>0</segmented>
	<object>
		<name>person hardhat</name>
		<pose>Unspecified</pose>
		<truncated>0</truncated>
		<difficult>0</difficult>
		<bndbox>
			<xmin>225</xmin>
			<ymin>264</ymin>
			<xmax>250</xmax>
			<ymax>300</ymax>
		</bndbox>
	</object>
	<object>
		<name>person hardhat</name>
		<pose>Unspecified</pose>
		<truncated>0</truncated>
		<difficult>0</difficult>
		<bndbox>
			<xmin>323</xmin>
			<ymin>254</ymin>
			<xmax>375</xmax>
			<ymax>308</ymax>
		</bndbox>
	</object>
	<object>
		<name>person hardhat</name>
		<pose>Unspecified</pose>
		<truncated>0</truncated>
		<difficult>0</difficult>
		<bndbox>
			<xmin>375</xmin>
			<ymin>269</ymin>
			<xmax>414</xmax>
			<ymax>309</ymax>
		</bndbox>
	</object>
	<object>
		<name>person hardhat</name>
		<pose>Unspecified</pose>
		<truncated>0</truncated>
		<difficult>0</difficult>
		<bndbox>
			<xmin>271</xmin>
			<ymin>296</ymin>
			<xmax>291</xmax>
			<ymax>320</ymax>
		</bndbox>
	</object>
</annotation>
