<annotation>
	<folder>hardhat-train</folder>
	<filename>358077971_09cc900e8e.jpg</filename>
	<path>E:\Development\Python\HardHatDetector\hardhat-train\358077971_09cc900e8e.jpg</path>
	<source>
		<database>Unknown</database>
	</source>
	<size>
		<width>427</width>
		<height>284</height>
		<depth>3</depth>
	</size>
	<segmented>0</segmented>
	<object>
		<name>person hardhat</name>
		<pose>Unspecified</pose>
		<truncated>1</truncated>
		<difficult>0</difficult>
		<bndbox>
			<xmin>200</xmin>
			<ymin>1</ymin>
			<xmax>331</xmax>
			<ymax>200</ymax>
		</bndbox>
	</object>
	<object>
		<name>person hardhat</name>
		<pose>Unspecified</pose>
		<truncated>0</truncated>
		<difficult>0</difficult>
		<bndbox>
			<xmin>59</xmin>
			<ymin>33</ymin>
			<xmax>181</xmax>
			<ymax>207</ymax>
		</bndbox>
	</object>
</annotation>
