<annotation verified="yes">
	<folder>hardhat-train</folder>
	<filename>360143065_4a3bfa28a1.jpg</filename>
	<path>E:\Development\Python\HardHatDetector\hardhat-train\360143065_4a3bfa28a1.jpg</path>
	<source>
		<database>Unknown</database>
	</source>
	<size>
		<width>333</width>
		<height>499</height>
		<depth>3</depth>
	</size>
	<segmented>0</segmented>
	<object>
		<name>person hardhat</name>
		<pose>Unspecified</pose>
		<truncated>0</truncated>
		<difficult>0</difficult>
		<bndbox>
			<xmin>180</xmin>
			<ymin>242</ymin>
			<xmax>222</xmax>
			<ymax>292</ymax>
		</bndbox>
	</object>
	<object>
		<name>person hardhat</name>
		<pose>Unspecified</pose>
		<truncated>0</truncated>
		<difficult>0</difficult>
		<bndbox>
			<xmin>134</xmin>
			<ymin>217</ymin>
			<xmax>184</xmax>
			<ymax>276</ymax>
		</bndbox>
	</object>
</annotation>
