<annotation verified="yes">
	<folder>hardhat-train</folder>
	<filename>365023591_158287bb56.jpg</filename>
	<path>E:\Development\Python\HardHatDetector\hardhat-train\365023591_158287bb56.jpg</path>
	<source>
		<database>Unknown</database>
	</source>
	<size>
		<width>375</width>
		<height>500</height>
		<depth>3</depth>
	</size>
	<segmented>0</segmented>
	<object>
		<name>person hardhat</name>
		<pose>Unspecified</pose>
		<truncated>0</truncated>
		<difficult>0</difficult>
		<bndbox>
			<xmin>258</xmin>
			<ymin>226</ymin>
			<xmax>298</xmax>
			<ymax>280</ymax>
		</bndbox>
	</object>
	<object>
		<name>person hardhat</name>
		<pose>Unspecified</pose>
		<truncated>1</truncated>
		<difficult>0</difficult>
		<bndbox>
			<xmin>1</xmin>
			<ymin>68</ymin>
			<xmax>141</xmax>
			<ymax>249</ymax>
		</bndbox>
	</object>
</annotation>
