<annotation verified="yes">
	<folder>hardhat-train</folder>
	<filename>373385667_0e0413d445.jpg</filename>
	<path>E:\Development\Python\HardHatDetector\hardhat-train\373385667_0e0413d445.jpg</path>
	<source>
		<database>Unknown</database>
	</source>
	<size>
		<width>335</width>
		<height>500</height>
		<depth>3</depth>
	</size>
	<segmented>0</segmented>
	<object>
		<name>person hardhat</name>
		<pose>Unspecified</pose>
		<truncated>0</truncated>
		<difficult>0</difficult>
		<bndbox>
			<xmin>77</xmin>
			<ymin>40</ymin>
			<xmax>240</xmax>
			<ymax>264</ymax>
		</bndbox>
	</object>
</annotation>
