<annotation verified="yes">
	<folder>hardhat-train</folder>
	<filename>387289958_ce1ae263b1.jpg</filename>
	<path>E:\Development\Python\HardHatDetector\hardhat-train\387289958_ce1ae263b1.jpg</path>
	<source>
		<database>Unknown</database>
	</source>
	<size>
		<width>333</width>
		<height>500</height>
		<depth>3</depth>
	</size>
	<segmented>0</segmented>
	<object>
		<name>person hardhat</name>
		<pose>Unspecified</pose>
		<truncated>0</truncated>
		<difficult>0</difficult>
		<bndbox>
			<xmin>103</xmin>
			<ymin>21</ymin>
			<xmax>279</xmax>
			<ymax>250</ymax>
		</bndbox>
	</object>
</annotation>
