<annotation verified="yes">
	<folder>hardhat-train</folder>
	<filename>39638721_7b913c85fd.jpg</filename>
	<path>E:\Development\Python\HardHatDetector\hardhat-train\39638721_7b913c85fd.jpg</path>
	<source>
		<database>Unknown</database>
	</source>
	<size>
		<width>500</width>
		<height>375</height>
		<depth>3</depth>
	</size>
	<segmented>0</segmented>
	<object>
		<name>person hardhat</name>
		<pose>Unspecified</pose>
		<truncated>0</truncated>
		<difficult>0</difficult>
		<bndbox>
			<xmin>214</xmin>
			<ymin>140</ymin>
			<xmax>243</xmax>
			<ymax>179</ymax>
		</bndbox>
	</object>
	<object>
		<name>person hardhat</name>
		<pose>Unspecified</pose>
		<truncated>0</truncated>
		<difficult>0</difficult>
		<bndbox>
			<xmin>347</xmin>
			<ymin>113</ymin>
			<xmax>376</xmax>
			<ymax>145</ymax>
		</bndbox>
	</object>
	<object>
		<name>person hardhat</name>
		<pose>Unspecified</pose>
		<truncated>0</truncated>
		<difficult>0</difficult>
		<bndbox>
			<xmin>467</xmin>
			<ymin>109</ymin>
			<xmax>482</xmax>
			<ymax>131</ymax>
		</bndbox>
	</object>
</annotation>
