<annotation verified="yes">
	<folder>hardhat-train</folder>
	<filename>408930839_cd09e217a6.jpg</filename>
	<path>E:\Development\Python\HardHatDetector\hardhat-train\408930839_cd09e217a6.jpg</path>
	<source>
		<database>Unknown</database>
	</source>
	<size>
		<width>500</width>
		<height>375</height>
		<depth>3</depth>
	</size>
	<segmented>0</segmented>
	<object>
		<name>person hardhat</name>
		<pose>Unspecified</pose>
		<truncated>1</truncated>
		<difficult>0</difficult>
		<bndbox>
			<xmin>185</xmin>
			<ymin>1</ymin>
			<xmax>274</xmax>
			<ymax>84</ymax>
		</bndbox>
	</object>
</annotation>
