<annotation verified="yes">
	<folder>hardhat-train</folder>
	<filename>425101105_e1d4bea158.jpg</filename>
	<path>E:\Development\Python\HardHatDetector\hardhat-train\425101105_e1d4bea158.jpg</path>
	<source>
		<database>Unknown</database>
	</source>
	<size>
		<width>333</width>
		<height>500</height>
		<depth>3</depth>
	</size>
	<segmented>0</segmented>
	<object>
		<name>person hardhat</name>
		<pose>Unspecified</pose>
		<truncated>0</truncated>
		<difficult>0</difficult>
		<bndbox>
			<xmin>93</xmin>
			<ymin>84</ymin>
			<xmax>149</xmax>
			<ymax>151</ymax>
		</bndbox>
	</object>
</annotation>
