<annotation verified="yes">
	<folder>hardhat-train</folder>
	<filename>430881179_d1fec87087.jpg</filename>
	<path>E:\Development\Python\HardHatDetector\hardhat-train\430881179_d1fec87087.jpg</path>
	<source>
		<database>Unknown</database>
	</source>
	<size>
		<width>412</width>
		<height>500</height>
		<depth>3</depth>
	</size>
	<segmented>0</segmented>
	<object>
		<name>person hardhat</name>
		<pose>Unspecified</pose>
		<truncated>0</truncated>
		<difficult>0</difficult>
		<bndbox>
			<xmin>98</xmin>
			<ymin>20</ymin>
			<xmax>123</xmax>
			<ymax>53</ymax>
		</bndbox>
	</object>
	<object>
		<name>person hardhat</name>
		<pose>Unspecified</pose>
		<truncated>0</truncated>
		<difficult>0</difficult>
		<bndbox>
			<xmin>18</xmin>
			<ymin>27</ymin>
			<xmax>46</xmax>
			<ymax>60</ymax>
		</bndbox>
	</object>
	<object>
		<name>person hardhat</name>
		<pose>Unspecified</pose>
		<truncated>0</truncated>
		<difficult>0</difficult>
		<bndbox>
			<xmin>273</xmin>
			<ymin>19</ymin>
			<xmax>303</xmax>
			<ymax>50</ymax>
		</bndbox>
	</object>
	<object>
		<name>person hardhat</name>
		<pose>Unspecified</pose>
		<truncated>1</truncated>
		<difficult>0</difficult>
		<bndbox>
			<xmin>377</xmin>
			<ymin>1</ymin>
			<xmax>401</xmax>
			<ymax>33</ymax>
		</bndbox>
	</object>
</annotation>
