<annotation verified="yes">
	<folder>hardhat-train</folder>
	<filename>435452995_03a3fc315a.jpg</filename>
	<path>E:\Development\Python\HardHatDetector\hardhat-train\435452995_03a3fc315a.jpg</path>
	<source>
		<database>Unknown</database>
	</source>
	<size>
		<width>500</width>
		<height>375</height>
		<depth>3</depth>
	</size>
	<segmented>0</segmented>
	<object>
		<name>person hardhat</name>
		<pose>Unspecified</pose>
		<truncated>0</truncated>
		<difficult>0</difficult>
		<bndbox>
			<xmin>247</xmin>
			<ymin>165</ymin>
			<xmax>302</xmax>
			<ymax>216</ymax>
		</bndbox>
	</object>
</annotation>
