<annotation verified="yes">
	<folder>hardhat-train</folder>
	<filename>452763287_3ad011d06f.jpg</filename>
	<path>E:\Development\Python\HardHatDetector\hardhat-train\452763287_3ad011d06f.jpg</path>
	<source>
		<database>Unknown</database>
	</source>
	<size>
		<width>500</width>
		<height>375</height>
		<depth>3</depth>
	</size>
	<segmented>0</segmented>
	<object>
		<name>person hardhat</name>
		<pose>Unspecified</pose>
		<truncated>0</truncated>
		<difficult>0</difficult>
		<bndbox>
			<xmin>170</xmin>
			<ymin>42</ymin>
			<xmax>377</xmax>
			<ymax>315</ymax>
		</bndbox>
	</object>
</annotation>
