<annotation verified="yes">
	<folder>hardhat-train</folder>
	<filename>459278387_52a143f572.jpg</filename>
	<path>E:\Development\Python\HardHatDetector\hardhat-train\459278387_52a143f572.jpg</path>
	<source>
		<database>Unknown</database>
	</source>
	<size>
		<width>500</width>
		<height>375</height>
		<depth>3</depth>
	</size>
	<segmented>0</segmented>
	<object>
		<name>person hardhat</name>
		<pose>Unspecified</pose>
		<truncated>0</truncated>
		<difficult>0</difficult>
		<bndbox>
			<xmin>297</xmin>
			<ymin>183</ymin>
			<xmax>374</xmax>
			<ymax>269</ymax>
		</bndbox>
	</object>
</annotation>
