<annotation verified="yes">
	<folder>hardhat-train</folder>
	<filename>459266976_3f45346493.jpg</filename>
	<path>E:\Development\Python\HardHatDetector\hardhat-train\459266976_3f45346493.jpg</path>
	<source>
		<database>Unknown</database>
	</source>
	<size>
		<width>375</width>
		<height>500</height>
		<depth>3</depth>
	</size>
	<segmented>0</segmented>
	<object>
		<name>person hardhat</name>
		<pose>Unspecified</pose>
		<truncated>0</truncated>
		<difficult>0</difficult>
		<bndbox>
			<xmin>203</xmin>
			<ymin>92</ymin>
			<xmax>278</xmax>
			<ymax>163</ymax>
		</bndbox>
	</object>
	<object>
		<name>person hardhat</name>
		<pose>Unspecified</pose>
		<truncated>0</truncated>
		<difficult>0</difficult>
		<bndbox>
			<xmin>28</xmin>
			<ymin>129</ymin>
			<xmax>92</xmax>
			<ymax>191</ymax>
		</bndbox>
	</object>
</annotation>
