<annotation verified="yes">
	<folder>hardhat-train</folder>
	<filename>460891342_efabe59b9e.jpg</filename>
	<path>E:\Development\Python\HardHatDetector\hardhat-train\460891342_efabe59b9e.jpg</path>
	<source>
		<database>Unknown</database>
	</source>
	<size>
		<width>500</width>
		<height>375</height>
		<depth>3</depth>
	</size>
	<segmented>0</segmented>
	<object>
		<name>person hardhat</name>
		<pose>Unspecified</pose>
		<truncated>0</truncated>
		<difficult>0</difficult>
		<bndbox>
			<xmin>420</xmin>
			<ymin>206</ymin>
			<xmax>454</xmax>
			<ymax>238</ymax>
		</bndbox>
	</object>
	<object>
		<name>person hardhat</name>
		<pose>Unspecified</pose>
		<truncated>0</truncated>
		<difficult>0</difficult>
		<bndbox>
			<xmin>28</xmin>
			<ymin>224</ymin>
			<xmax>46</xmax>
			<ymax>246</ymax>
		</bndbox>
	</object>
</annotation>
