<annotation verified="yes">
	<folder>hardhat-train</folder>
	<filename>460886339_9b779ae83c.jpg</filename>
	<path>E:\Development\Python\HardHatDetector\hardhat-train\460886339_9b779ae83c.jpg</path>
	<source>
		<database>Unknown</database>
	</source>
	<size>
		<width>500</width>
		<height>375</height>
		<depth>3</depth>
	</size>
	<segmented>0</segmented>
	<object>
		<name>person hardhat</name>
		<pose>Unspecified</pose>
		<truncated>0</truncated>
		<difficult>0</difficult>
		<bndbox>
			<xmin>195</xmin>
			<ymin>41</ymin>
			<xmax>328</xmax>
			<ymax>201</ymax>
		</bndbox>
	</object>
	<object>
		<name>person hardhat</name>
		<pose>Unspecified</pose>
		<truncated>0</truncated>
		<difficult>0</difficult>
		<bndbox>
			<xmin>128</xmin>
			<ymin>151</ymin>
			<xmax>190</xmax>
			<ymax>217</ymax>
		</bndbox>
	</object>
</annotation>
