<annotation verified="yes">
	<folder>hardhat-train</folder>
	<filename>460880292_d02f766e26.jpg</filename>
	<path>E:\Development\Python\HardHatDetector\hardhat-train\460880292_d02f766e26.jpg</path>
	<source>
		<database>Unknown</database>
	</source>
	<size>
		<width>500</width>
		<height>375</height>
		<depth>3</depth>
	</size>
	<segmented>0</segmented>
	<object>
		<name>person hardhat</name>
		<pose>Unspecified</pose>
		<truncated>0</truncated>
		<difficult>0</difficult>
		<bndbox>
			<xmin>230</xmin>
			<ymin>46</ymin>
			<xmax>250</xmax>
			<ymax>70</ymax>
		</bndbox>
	</object>
	<object>
		<name>person hardhat</name>
		<pose>Unspecified</pose>
		<truncated>0</truncated>
		<difficult>0</difficult>
		<bndbox>
			<xmin>102</xmin>
			<ymin>166</ymin>
			<xmax>125</xmax>
			<ymax>187</ymax>
		</bndbox>
	</object>
</annotation>
