<annotation verified="yes">
	<folder>hardhat-train</folder>
	<filename>460838640_d7d011b207.jpg</filename>
	<path>E:\Development\Python\HardHatDetector\hardhat-train\460838640_d7d011b207.jpg</path>
	<source>
		<database>Unknown</database>
	</source>
	<size>
		<width>500</width>
		<height>375</height>
		<depth>3</depth>
	</size>
	<segmented>0</segmented>
	<object>
		<name>person hardhat</name>
		<pose>Unspecified</pose>
		<truncated>0</truncated>
		<difficult>0</difficult>
		<bndbox>
			<xmin>250</xmin>
			<ymin>166</ymin>
			<xmax>280</xmax>
			<ymax>208</ymax>
		</bndbox>
	</object>
	<object>
		<name>person hardhat</name>
		<pose>Unspecified</pose>
		<truncated>0</truncated>
		<difficult>0</difficult>
		<bndbox>
			<xmin>179</xmin>
			<ymin>178</ymin>
			<xmax>206</xmax>
			<ymax>218</ymax>
		</bndbox>
	</object>
</annotation>
