<annotation verified="yes">
	<folder>hardhat-train</folder>
	<filename>460884605_11e4af80ab.jpg</filename>
	<path>E:\Development\Python\HardHatDetector\hardhat-train\460884605_11e4af80ab.jpg</path>
	<source>
		<database>Unknown</database>
	</source>
	<size>
		<width>375</width>
		<height>500</height>
		<depth>3</depth>
	</size>
	<segmented>0</segmented>
	<object>
		<name>person hardhat</name>
		<pose>Unspecified</pose>
		<truncated>0</truncated>
		<difficult>0</difficult>
		<bndbox>
			<xmin>154</xmin>
			<ymin>193</ymin>
			<xmax>206</xmax>
			<ymax>237</ymax>
		</bndbox>
	</object>
</annotation>
