<annotation verified="yes">
	<folder>hardhat-train</folder>
	<filename>460862958_b3f2f5d5e5.jpg</filename>
	<path>E:\Development\Python\HardHatDetector\hardhat-train\460862958_b3f2f5d5e5.jpg</path>
	<source>
		<database>Unknown</database>
	</source>
	<size>
		<width>500</width>
		<height>375</height>
		<depth>3</depth>
	</size>
	<segmented>0</segmented>
	<object>
		<name>person hardhat</name>
		<pose>Unspecified</pose>
		<truncated>1</truncated>
		<difficult>0</difficult>
		<bndbox>
			<xmin>153</xmin>
			<ymin>1</ymin>
			<xmax>405</xmax>
			<ymax>254</ymax>
		</bndbox>
	</object>
</annotation>
