<annotation>
	<folder>hardhat-train</folder>
	<filename>460915443_67bd9feb1d.jpg</filename>
	<path>E:\Development\Python\HardHatDetector\hardhat-train\460915443_67bd9feb1d.jpg</path>
	<source>
		<database>Unknown</database>
	</source>
	<size>
		<width>500</width>
		<height>375</height>
		<depth>3</depth>
	</size>
	<segmented>0</segmented>
	<object>
		<name>person hardhat</name>
		<pose>Unspecified</pose>
		<truncated>0</truncated>
		<difficult>0</difficult>
		<bndbox>
			<xmin>206</xmin>
			<ymin>87</ymin>
			<xmax>258</xmax>
			<ymax>144</ymax>
		</bndbox>
	</object>
	<object>
		<name>person hardhat</name>
		<pose>Unspecified</pose>
		<truncated>0</truncated>
		<difficult>0</difficult>
		<bndbox>
			<xmin>153</xmin>
			<ymin>158</ymin>
			<xmax>187</xmax>
			<ymax>198</ymax>
		</bndbox>
	</object>
</annotation>
