<annotation verified="yes">
	<folder>hardhat-train</folder>
	<filename>460903620_f6b8329f68.jpg</filename>
	<path>E:\Development\Python\HardHatDetector\hardhat-train\460903620_f6b8329f68.jpg</path>
	<source>
		<database>Unknown</database>
	</source>
	<size>
		<width>500</width>
		<height>375</height>
		<depth>3</depth>
	</size>
	<segmented>0</segmented>
	<object>
		<name>person hardhat</name>
		<pose>Unspecified</pose>
		<truncated>0</truncated>
		<difficult>0</difficult>
		<bndbox>
			<xmin>125</xmin>
			<ymin>69</ymin>
			<xmax>226</xmax>
			<ymax>171</ymax>
		</bndbox>
	</object>
	<object>
		<name>person hardhat</name>
		<pose>Unspecified</pose>
		<truncated>0</truncated>
		<difficult>0</difficult>
		<bndbox>
			<xmin>320</xmin>
			<ymin>35</ymin>
			<xmax>408</xmax>
			<ymax>147</ymax>
		</bndbox>
	</object>
</annotation>
