<annotation verified="yes">
	<folder>hardhat-train</folder>
	<filename>460913821_ffc3cef9c7.jpg</filename>
	<path>E:\Development\Python\HardHatDetector\hardhat-train\460913821_ffc3cef9c7.jpg</path>
	<source>
		<database>Unknown</database>
	</source>
	<size>
		<width>500</width>
		<height>375</height>
		<depth>3</depth>
	</size>
	<segmented>0</segmented>
	<object>
		<name>person hardhat</name>
		<pose>Unspecified</pose>
		<truncated>0</truncated>
		<difficult>0</difficult>
		<bndbox>
			<xmin>246</xmin>
			<ymin>15</ymin>
			<xmax>379</xmax>
			<ymax>180</ymax>
		</bndbox>
	</object>
	<object>
		<name>person hardhat</name>
		<pose>Unspecified</pose>
		<truncated>0</truncated>
		<difficult>0</difficult>
		<bndbox>
			<xmin>103</xmin>
			<ymin>23</ymin>
			<xmax>220</xmax>
			<ymax>167</ymax>
		</bndbox>
	</object>
</annotation>
