<annotation>
	<folder>hardhat-train</folder>
	<filename>460908389_5cd09a5fb7.jpg</filename>
	<path>E:\Development\Python\HardHatDetector\hardhat-train\460908389_5cd09a5fb7.jpg</path>
	<source>
		<database>Unknown</database>
	</source>
	<size>
		<width>500</width>
		<height>375</height>
		<depth>3</depth>
	</size>
	<segmented>0</segmented>
	<object>
		<name>person hardhat</name>
		<pose>Unspecified</pose>
		<truncated>0</truncated>
		<difficult>0</difficult>
		<bndbox>
			<xmin>253</xmin>
			<ymin>35</ymin>
			<xmax>346</xmax>
			<ymax>145</ymax>
		</bndbox>
	</object>
	<object>
		<name>person hardhat</name>
		<pose>Unspecified</pose>
		<truncated>0</truncated>
		<difficult>0</difficult>
		<bndbox>
			<xmin>137</xmin>
			<ymin>80</ymin>
			<xmax>237</xmax>
			<ymax>189</ymax>
		</bndbox>
	</object>
</annotation>
