<annotation verified="yes">
	<folder>hardhat-train</folder>
	<filename>461311965_b430187841.jpg</filename>
	<path>E:\Development\Python\HardHatDetector\hardhat-train\461311965_b430187841.jpg</path>
	<source>
		<database>Unknown</database>
	</source>
	<size>
		<width>500</width>
		<height>333</height>
		<depth>3</depth>
	</size>
	<segmented>0</segmented>
	<object>
		<name>person hardhat</name>
		<pose>Unspecified</pose>
		<truncated>0</truncated>
		<difficult>0</difficult>
		<bndbox>
			<xmin>227</xmin>
			<ymin>27</ymin>
			<xmax>338</xmax>
			<ymax>190</ymax>
		</bndbox>
	</object>
</annotation>
