<annotation verified="yes">
	<folder>hardhat-train</folder>
	<filename>479118549_dc7323b994.jpg</filename>
	<path>E:\Development\Python\HardHatDetector\hardhat-train\479118549_dc7323b994.jpg</path>
	<source>
		<database>Unknown</database>
	</source>
	<size>
		<width>333</width>
		<height>500</height>
		<depth>3</depth>
	</size>
	<segmented>0</segmented>
	<object>
		<name>person hardhat</name>
		<pose>Unspecified</pose>
		<truncated>1</truncated>
		<difficult>0</difficult>
		<bndbox>
			<xmin>80</xmin>
			<ymin>1</ymin>
			<xmax>308</xmax>
			<ymax>240</ymax>
		</bndbox>
	</object>
</annotation>
