<annotation verified="yes">
	<folder>hardhat-train</folder>
	<filename>489231259_e734ad4bb4.jpg</filename>
	<path>E:\Development\Python\HardHatDetector\hardhat-train\489231259_e734ad4bb4.jpg</path>
	<source>
		<database>Unknown</database>
	</source>
	<size>
		<width>375</width>
		<height>500</height>
		<depth>3</depth>
	</size>
	<segmented>0</segmented>
	<object>
		<name>person hardhat</name>
		<pose>Unspecified</pose>
		<truncated>0</truncated>
		<difficult>0</difficult>
		<bndbox>
			<xmin>128</xmin>
			<ymin>147</ymin>
			<xmax>283</xmax>
			<ymax>382</ymax>
		</bndbox>
	</object>
	<object>
		<name>person hardhat</name>
		<pose>Unspecified</pose>
		<truncated>1</truncated>
		<difficult>0</difficult>
		<bndbox>
			<xmin>1</xmin>
			<ymin>164</ymin>
			<xmax>172</xmax>
			<ymax>374</ymax>
		</bndbox>
	</object>
</annotation>
