<annotation verified="yes">
	<folder>hardhat-train</folder>
	<filename>490010925_d6fc03584d.jpg</filename>
	<path>E:\Development\Python\HardHatDetector\hardhat-train\490010925_d6fc03584d.jpg</path>
	<source>
		<database>Unknown</database>
	</source>
	<size>
		<width>500</width>
		<height>375</height>
		<depth>3</depth>
	</size>
	<segmented>0</segmented>
	<object>
		<name>person hardhat</name>
		<pose>Unspecified</pose>
		<truncated>0</truncated>
		<difficult>0</difficult>
		<bndbox>
			<xmin>262</xmin>
			<ymin>79</ymin>
			<xmax>388</xmax>
			<ymax>229</ymax>
		</bndbox>
	</object>
	<object>
		<name>person hardhat</name>
		<pose>Unspecified</pose>
		<truncated>1</truncated>
		<difficult>0</difficult>
		<bndbox>
			<xmin>42</xmin>
			<ymin>1</ymin>
			<xmax>163</xmax>
			<ymax>155</ymax>
		</bndbox>
	</object>
</annotation>
