<annotation verified="yes">
	<folder>hardhat-train</folder>
	<filename>490343360_2216c7e680.jpg</filename>
	<path>E:\Development\Python\HardHatDetector\hardhat-train\490343360_2216c7e680.jpg</path>
	<source>
		<database>Unknown</database>
	</source>
	<size>
		<width>180</width>
		<height>238</height>
		<depth>3</depth>
	</size>
	<segmented>0</segmented>
	<object>
		<name>person hardhat</name>
		<pose>Unspecified</pose>
		<truncated>0</truncated>
		<difficult>0</difficult>
		<bndbox>
			<xmin>71</xmin>
			<ymin>8</ymin>
			<xmax>154</xmax>
			<ymax>114</ymax>
		</bndbox>
	</object>
</annotation>
