<annotation verified="yes">
	<folder>hardhat-train</folder>
	<filename>497439452_8f8c41fa2a.jpg</filename>
	<path>E:\Development\Python\HardHatDetector\hardhat-train\497439452_8f8c41fa2a.jpg</path>
	<source>
		<database>Unknown</database>
	</source>
	<size>
		<width>364</width>
		<height>500</height>
		<depth>3</depth>
	</size>
	<segmented>0</segmented>
	<object>
		<name>person hardhat</name>
		<pose>Unspecified</pose>
		<truncated>0</truncated>
		<difficult>0</difficult>
		<bndbox>
			<xmin>72</xmin>
			<ymin>45</ymin>
			<xmax>308</xmax>
			<ymax>335</ymax>
		</bndbox>
	</object>
</annotation>
