<annotation verified="yes">
	<folder>hardhat-train</folder>
	<filename>498618857_04f20ba18e.jpg</filename>
	<path>E:\Development\Python\HardHatDetector\hardhat-train\498618857_04f20ba18e.jpg</path>
	<source>
		<database>Unknown</database>
	</source>
	<size>
		<width>500</width>
		<height>388</height>
		<depth>3</depth>
	</size>
	<segmented>0</segmented>
	<object>
		<name>person hardhat</name>
		<pose>Unspecified</pose>
		<truncated>0</truncated>
		<difficult>0</difficult>
		<bndbox>
			<xmin>112</xmin>
			<ymin>219</ymin>
			<xmax>142</xmax>
			<ymax>250</ymax>
		</bndbox>
	</object>
	<object>
		<name>person hardhat</name>
		<pose>Unspecified</pose>
		<truncated>0</truncated>
		<difficult>0</difficult>
		<bndbox>
			<xmin>20</xmin>
			<ymin>206</ymin>
			<xmax>54</xmax>
			<ymax>242</ymax>
		</bndbox>
	</object>
</annotation>
