<annotation verified="yes">
	<folder>hardhat-train</folder>
	<filename>501048663_90d85a8fe8.jpg</filename>
	<path>E:\Development\Python\HardHatDetector\hardhat-train\501048663_90d85a8fe8.jpg</path>
	<source>
		<database>Unknown</database>
	</source>
	<size>
		<width>500</width>
		<height>375</height>
		<depth>3</depth>
	</size>
	<segmented>0</segmented>
	<object>
		<name>person hardhat</name>
		<pose>Unspecified</pose>
		<truncated>0</truncated>
		<difficult>0</difficult>
		<bndbox>
			<xmin>64</xmin>
			<ymin>75</ymin>
			<xmax>233</xmax>
			<ymax>293</ymax>
		</bndbox>
	</object>
</annotation>
