<annotation verified="yes">
	<folder>hardhat-train</folder>
	<filename>50169280_dd18878a91.jpg</filename>
	<path>E:\Development\Python\HardHatDetector\hardhat-train\50169280_dd18878a91.jpg</path>
	<source>
		<database>Unknown</database>
	</source>
	<size>
		<width>332</width>
		<height>499</height>
		<depth>3</depth>
	</size>
	<segmented>0</segmented>
	<object>
		<name>person hardhat</name>
		<pose>Unspecified</pose>
		<truncated>1</truncated>
		<difficult>0</difficult>
		<bndbox>
			<xmin>1</xmin>
			<ymin>64</ymin>
			<xmax>331</xmax>
			<ymax>414</ymax>
		</bndbox>
	</object>
</annotation>
