<annotation verified="yes">
	<folder>hardhat-train</folder>
	<filename>522370832_f9e021f375.jpg</filename>
	<path>E:\Development\Python\HardHatDetector\hardhat-train\522370832_f9e021f375.jpg</path>
	<source>
		<database>Unknown</database>
	</source>
	<size>
		<width>335</width>
		<height>500</height>
		<depth>3</depth>
	</size>
	<segmented>0</segmented>
	<object>
		<name>person hardhat</name>
		<pose>Unspecified</pose>
		<truncated>0</truncated>
		<difficult>0</difficult>
		<bndbox>
			<xmin>47</xmin>
			<ymin>54</ymin>
			<xmax>146</xmax>
			<ymax>188</ymax>
		</bndbox>
	</object>
</annotation>
