<annotation verified="yes">
	<folder>hardhat-train</folder>
	<filename>522385343_5587b0f8ff.jpg</filename>
	<path>E:\Development\Python\HardHatDetector\hardhat-train\522385343_5587b0f8ff.jpg</path>
	<source>
		<database>Unknown</database>
	</source>
	<size>
		<width>335</width>
		<height>500</height>
		<depth>3</depth>
	</size>
	<segmented>0</segmented>
	<object>
		<name>person hardhat</name>
		<pose>Unspecified</pose>
		<truncated>0</truncated>
		<difficult>0</difficult>
		<bndbox>
			<xmin>178</xmin>
			<ymin>145</ymin>
			<xmax>276</xmax>
			<ymax>228</ymax>
		</bndbox>
	</object>
</annotation>
