<annotation verified="yes">
	<folder>hardhat-train</folder>
	<filename>522388361_2c6e1a7f6e.jpg</filename>
	<path>E:\Development\Python\HardHatDetector\hardhat-train\522388361_2c6e1a7f6e.jpg</path>
	<source>
		<database>Unknown</database>
	</source>
	<size>
		<width>335</width>
		<height>500</height>
		<depth>3</depth>
	</size>
	<segmented>0</segmented>
	<object>
		<name>person hardhat</name>
		<pose>Unspecified</pose>
		<truncated>0</truncated>
		<difficult>0</difficult>
		<bndbox>
			<xmin>171</xmin>
			<ymin>96</ymin>
			<xmax>222</xmax>
			<ymax>167</ymax>
		</bndbox>
	</object>
	<object>
		<name>person hardhat</name>
		<pose>Unspecified</pose>
		<truncated>0</truncated>
		<difficult>0</difficult>
		<bndbox>
			<xmin>126</xmin>
			<ymin>404</ymin>
			<xmax>182</xmax>
			<ymax>480</ymax>
		</bndbox>
	</object>
</annotation>
