<annotation verified="yes">
	<folder>hardhat-train</folder>
	<filename>522384619_8a62be9943.jpg</filename>
	<path>E:\Development\Python\HardHatDetector\hardhat-train\522384619_8a62be9943.jpg</path>
	<source>
		<database>Unknown</database>
	</source>
	<size>
		<width>335</width>
		<height>500</height>
		<depth>3</depth>
	</size>
	<segmented>0</segmented>
	<object>
		<name>person hardhat</name>
		<pose>Unspecified</pose>
		<truncated>0</truncated>
		<difficult>0</difficult>
		<bndbox>
			<xmin>146</xmin>
			<ymin>60</ymin>
			<xmax>193</xmax>
			<ymax>104</ymax>
		</bndbox>
	</object>
	<object>
		<name>person hardhat</name>
		<pose>Unspecified</pose>
		<truncated>0</truncated>
		<difficult>0</difficult>
		<bndbox>
			<xmin>170</xmin>
			<ymin>179</ymin>
			<xmax>226</xmax>
			<ymax>235</ymax>
		</bndbox>
	</object>
</annotation>
