<annotation verified="yes">
	<folder>hardhat-train</folder>
	<filename>531375671_012ac62afe.jpg</filename>
	<path>E:\Development\Python\HardHatDetector\hardhat-train\531375671_012ac62afe.jpg</path>
	<source>
		<database>Unknown</database>
	</source>
	<size>
		<width>500</width>
		<height>375</height>
		<depth>3</depth>
	</size>
	<segmented>0</segmented>
	<object>
		<name>person hardhat</name>
		<pose>Unspecified</pose>
		<truncated>0</truncated>
		<difficult>0</difficult>
		<bndbox>
			<xmin>298</xmin>
			<ymin>80</ymin>
			<xmax>348</xmax>
			<ymax>145</ymax>
		</bndbox>
	</object>
	<object>
		<name>person hardhat</name>
		<pose>Unspecified</pose>
		<truncated>0</truncated>
		<difficult>0</difficult>
		<bndbox>
			<xmin>171</xmin>
			<ymin>97</ymin>
			<xmax>221</xmax>
			<ymax>164</ymax>
		</bndbox>
	</object>
</annotation>
