<annotation verified="yes">
	<folder>hardhat-train</folder>
	<filename>53695092_c4e69cf219.jpg</filename>
	<path>E:\Development\Python\HardHatDetector\hardhat-train\53695092_c4e69cf219.jpg</path>
	<source>
		<database>Unknown</database>
	</source>
	<size>
		<width>375</width>
		<height>500</height>
		<depth>3</depth>
	</size>
	<segmented>0</segmented>
	<object>
		<name>person hardhat</name>
		<pose>Unspecified</pose>
		<truncated>0</truncated>
		<difficult>0</difficult>
		<bndbox>
			<xmin>161</xmin>
			<ymin>150</ymin>
			<xmax>222</xmax>
			<ymax>230</ymax>
		</bndbox>
	</object>
</annotation>
