<annotation verified="yes">
	<folder>hardhat-train</folder>
	<filename>539430262_181516adfa.jpg</filename>
	<path>E:\Development\Python\HardHatDetector\hardhat-train\539430262_181516adfa.jpg</path>
	<source>
		<database>Unknown</database>
	</source>
	<size>
		<width>499</width>
		<height>331</height>
		<depth>3</depth>
	</size>
	<segmented>0</segmented>
	<object>
		<name>person hardhat</name>
		<pose>Unspecified</pose>
		<truncated>0</truncated>
		<difficult>0</difficult>
		<bndbox>
			<xmin>339</xmin>
			<ymin>74</ymin>
			<xmax>434</xmax>
			<ymax>200</ymax>
		</bndbox>
	</object>
	<object>
		<name>person hardhat</name>
		<pose>Unspecified</pose>
		<truncated>0</truncated>
		<difficult>0</difficult>
		<bndbox>
			<xmin>61</xmin>
			<ymin>80</ymin>
			<xmax>124</xmax>
			<ymax>163</ymax>
		</bndbox>
	</object>
</annotation>
